Open,High,Low,Close,Adj Close,Volume
1937.9000244140625,1937.9000244140625,1937.4000244140625,1937.4000244140625,1937.4000244140625,0
1937.4000244140625,1937.4000244140625,1937.199951171875,1937.300048828125,1937.300048828125,23
1937.4000244140625,1937.5,1937.300048828125,1937.4000244140625,1937.4000244140625,24
1937.5,1937.5,1937.4000244140625,1937.4000244140625,1937.4000244140625,7
1937.4000244140625,1937.4000244140625,1937.300048828125,1937.300048828125,1937.300048828125,6
1937.300048828125,1937.300048828125,1937.300048828125,1937.300048828125,1937.300048828125,6
1937.300048828125,1937.300048828125,1936.9000244140625,1937.0999755859375,1937.0999755859375,27
1937.0999755859375,1937.4000244140625,1937.0999755859375,1937.300048828125,1937.300048828125,15
1937.4000244140625,1937.4000244140625,1937.0999755859375,1937.4000244140625,1937.4000244140625,174
1937.300048828125,1937.699951171875,1937.199951171875,1937.5,1937.5,26
1937.5999755859375,1937.699951171875,1937.5999755859375,1937.699951171875,1937.699951171875,6
1937.5999755859375,1937.5999755859375,1937.5,1937.5999755859375,1937.5999755859375,6
1937.699951171875,1937.699951171875,1937.5999755859375,1937.5999755859375,1937.5999755859375,6
1937.4000244140625,1937.4000244140625,1937.0,1937.0999755859375,1937.0999755859375,9
1937.0999755859375,1937.300048828125,1936.5999755859375,1936.800048828125,1936.800048828125,36
1936.800048828125,1937.199951171875,1936.199951171875,1936.5999755859375,1936.5999755859375,84
1936.4000244140625,1936.5999755859375,1935.9000244140625,1936.0999755859375,1936.0999755859375,56
1936.300048828125,1936.699951171875,1936.0999755859375,1936.699951171875,1936.699951171875,28
1936.5,1936.5,1936.199951171875,1936.300048828125,1936.300048828125,7
1936.199951171875,1936.4000244140625,1936.0,1936.199951171875,1936.199951171875,20
1936.0,1936.0999755859375,1935.5999755859375,1936.0999755859375,1936.0999755859375,58
1935.5999755859375,1935.9000244140625,1935.5999755859375,1935.800048828125,1935.800048828125,46
1935.9000244140625,1935.9000244140625,1935.9000244140625,1935.9000244140625,1935.9000244140625,6
1935.699951171875,1936.0,1935.5999755859375,1935.9000244140625,1935.9000244140625,10
1936.0,1936.300048828125,1936.0,1936.0999755859375,1936.0999755859375,8
1936.199951171875,1936.199951171875,1936.0999755859375,1936.199951171875,1936.199951171875,4
1936.199951171875,1936.9000244140625,1936.199951171875,1936.9000244140625,1936.9000244140625,16
1936.800048828125,1936.9000244140625,1936.5999755859375,1936.5999755859375,1936.5999755859375,16
1936.800048828125,1937.199951171875,1936.699951171875,1937.0999755859375,1937.0999755859375,33
1937.199951171875,1937.199951171875,1936.699951171875,1936.699951171875,1936.699951171875,32
1936.5999755859375,1936.5999755859375,1936.300048828125,1936.300048828125,1936.300048828125,3
1936.4000244140625,1936.4000244140625,1936.0999755859375,1936.0999755859375,1936.0999755859375,14
1936.300048828125,1936.4000244140625,1936.300048828125,1936.4000244140625,1936.4000244140625,9
1936.4000244140625,1936.5999755859375,1936.199951171875,1936.199951171875,1936.199951171875,11
1936.0,1936.4000244140625,1936.0,1936.0,1936.0,14
1936.0,1936.0,1935.800048828125,1935.9000244140625,1935.9000244140625,4
1935.800048828125,1935.9000244140625,1935.699951171875,1935.9000244140625,1935.9000244140625,16
1936.0,1936.300048828125,1936.0,1936.300048828125,1936.300048828125,13
1936.199951171875,1936.4000244140625,1935.699951171875,1936.199951171875,1936.199951171875,67
1936.4000244140625,1936.4000244140625,1936.199951171875,1936.300048828125,1936.300048828125,7
1935.9000244140625,1936.4000244140625,1935.800048828125,1936.0,1936.0,43
1936.0,1936.0999755859375,1936.0,1936.0999755859375,1936.0999755859375,2
1936.0999755859375,1936.0999755859375,1935.199951171875,1935.5999755859375,1935.5999755859375,46
1935.5999755859375,1935.699951171875,1935.5,1935.5999755859375,1935.5999755859375,18
1935.800048828125,1935.9000244140625,1935.800048828125,1935.800048828125,1935.800048828125,5
1935.5,1935.5,1935.5,1935.5,1935.5,1
1935.5,1935.699951171875,1935.4000244140625,1935.5,1935.5,16
1935.5,1935.5,1935.199951171875,1935.199951171875,1935.199951171875,13
1935.4000244140625,1935.4000244140625,1935.199951171875,1935.199951171875,1935.199951171875,16
1935.199951171875,1935.4000244140625,1935.0999755859375,1935.4000244140625,1935.4000244140625,22
1935.4000244140625,1935.4000244140625,1935.0,1935.0,1935.0,16
1934.9000244140625,1935.0,1934.5999755859375,1934.5999755859375,1934.5999755859375,41
1934.800048828125,1934.9000244140625,1934.699951171875,1934.699951171875,1934.699951171875,16
1934.699951171875,1934.800048828125,1934.5,1934.800048828125,1934.800048828125,21
1934.699951171875,1935.0999755859375,1934.5999755859375,1935.0,1935.0,34
1935.0,1935.0999755859375,1934.800048828125,1935.0,1935.0,15
1934.9000244140625,1935.4000244140625,1934.9000244140625,1935.4000244140625,1935.4000244140625,35
1935.300048828125,1935.5999755859375,1935.199951171875,1935.5999755859375,1935.5999755859375,23
1935.5,1936.0999755859375,1935.5,1936.0999755859375,1936.0999755859375,23
1935.9000244140625,1936.199951171875,1935.9000244140625,1936.0,1936.0,20
1936.0,1936.0,1935.9000244140625,1935.9000244140625,1935.9000244140625,6
1935.9000244140625,1935.9000244140625,1935.5999755859375,1935.699951171875,1935.699951171875,17
1935.699951171875,1935.9000244140625,1935.5999755859375,1935.5999755859375,1935.5999755859375,12
1935.9000244140625,1936.4000244140625,1935.9000244140625,1936.300048828125,1936.300048828125,26
1936.300048828125,1936.5,1936.199951171875,1936.4000244140625,1936.4000244140625,41
1936.300048828125,1936.5999755859375,1936.300048828125,1936.5999755859375,1936.5999755859375,21
1936.5999755859375,1936.800048828125,1936.5,1936.5,1936.5,18
1936.4000244140625,1936.699951171875,1936.4000244140625,1936.699951171875,1936.699951171875,11
1936.800048828125,1936.800048828125,1936.5,1936.699951171875,1936.699951171875,10
1936.5,1936.5,1936.0999755859375,1936.300048828125,1936.300048828125,51
1936.4000244140625,1936.9000244140625,1936.4000244140625,1936.9000244140625,1936.9000244140625,23
1936.9000244140625,1937.4000244140625,1936.800048828125,1937.199951171875,1937.199951171875,30
1937.4000244140625,1937.5,1937.199951171875,1937.300048828125,1937.300048828125,46
1937.5,1937.699951171875,1937.5,1937.5999755859375,1937.5999755859375,23
1937.5,1937.5,1937.199951171875,1937.4000244140625,1937.4000244140625,32
1937.5,1937.5,1937.199951171875,1937.300048828125,1937.300048828125,9
1937.199951171875,1937.5,1937.0,1937.4000244140625,1937.4000244140625,23
1937.300048828125,1937.4000244140625,1937.0999755859375,1937.4000244140625,1937.4000244140625,21
1937.4000244140625,1937.4000244140625,1937.199951171875,1937.199951171875,1937.199951171875,6
1937.0,1937.5999755859375,1937.0,1937.5,1937.5,83
1937.5999755859375,1937.800048828125,1936.9000244140625,1937.199951171875,1937.199951171875,59
1937.0999755859375,1937.199951171875,1936.699951171875,1936.800048828125,1936.800048828125,32
1936.699951171875,1937.199951171875,1936.699951171875,1937.199951171875,1937.199951171875,22
1937.0999755859375,1937.0999755859375,1936.9000244140625,1937.0,1937.0,24
1937.0,1937.4000244140625,1936.9000244140625,1937.199951171875,1937.199951171875,15
1937.199951171875,1937.4000244140625,1937.199951171875,1937.199951171875,1937.199951171875,15
1937.5999755859375,1937.800048828125,1937.5999755859375,1937.699951171875,1937.699951171875,19
1937.5999755859375,1938.4000244140625,1937.5999755859375,1938.0999755859375,1938.0999755859375,55
1938.0999755859375,1938.4000244140625,1937.699951171875,1938.300048828125,1938.300048828125,112
1938.199951171875,1938.5999755859375,1938.0,1938.5999755859375,1938.5999755859375,45
1938.4000244140625,1938.5,1938.0,1938.300048828125,1938.300048828125,50
1938.199951171875,1938.5999755859375,1938.0999755859375,1938.5,1938.5,33
1938.4000244140625,1938.5999755859375,1938.300048828125,1938.4000244140625,1938.4000244140625,61
1938.5999755859375,1938.699951171875,1938.4000244140625,1938.4000244140625,1938.4000244140625,24
1938.699951171875,1938.9000244140625,1938.300048828125,1938.300048828125,1938.300048828125,54
1938.4000244140625,1938.9000244140625,1938.300048828125,1938.800048828125,1938.800048828125,36
1938.699951171875,1938.9000244140625,1938.699951171875,1938.699951171875,1938.699951171875,24
1938.699951171875,1939.0999755859375,1938.4000244140625,1938.800048828125,1938.800048828125,51
1938.5,1939.199951171875,1938.5,1939.0999755859375,1939.0999755859375,33
1939.0,1939.0999755859375,1938.800048828125,1939.0999755859375,1939.0999755859375,16
1939.199951171875,1939.199951171875,1938.4000244140625,1938.4000244140625,1938.4000244140625,35
1938.5,1938.5999755859375,1938.199951171875,1938.4000244140625,1938.4000244140625,25
1938.4000244140625,1938.9000244140625,1938.199951171875,1938.9000244140625,1938.9000244140625,19
1938.9000244140625,1939.300048828125,1938.800048828125,1938.9000244140625,1938.9000244140625,21
1938.699951171875,1938.9000244140625,1938.4000244140625,1938.800048828125,1938.800048828125,20
1938.800048828125,1939.199951171875,1938.800048828125,1939.0,1939.0,14
1939.0999755859375,1939.5,1938.699951171875,1938.699951171875,1938.699951171875,59
1938.5,1938.699951171875,1938.4000244140625,1938.5999755859375,1938.5999755859375,41
1938.4000244140625,1938.5999755859375,1938.4000244140625,1938.4000244140625,1938.4000244140625,10
1938.5,1938.5,1938.199951171875,1938.4000244140625,1938.4000244140625,22
1938.4000244140625,1938.5999755859375,1938.300048828125,1938.5999755859375,1938.5999755859375,28
1938.699951171875,1939.199951171875,1938.699951171875,1938.9000244140625,1938.9000244140625,22
1938.9000244140625,1938.9000244140625,1938.699951171875,1938.699951171875,1938.699951171875,7
1938.699951171875,1938.9000244140625,1938.699951171875,1938.800048828125,1938.800048828125,12
1938.9000244140625,1939.0,1938.199951171875,1938.4000244140625,1938.4000244140625,24
1938.300048828125,1938.5,1938.300048828125,1938.5,1938.5,5
1938.4000244140625,1938.5999755859375,1938.199951171875,1938.199951171875,1938.199951171875,39
1938.199951171875,1938.199951171875,1937.9000244140625,1937.9000244140625,1937.9000244140625,17
1937.800048828125,1937.800048828125,1937.199951171875,1937.4000244140625,1937.4000244140625,82
1937.300048828125,1937.4000244140625,1937.0999755859375,1937.4000244140625,1937.4000244140625,46
1937.199951171875,1937.199951171875,1936.699951171875,1937.0999755859375,1937.0999755859375,71
1937.0999755859375,1937.199951171875,1936.699951171875,1936.9000244140625,1936.9000244140625,19
1936.9000244140625,1937.0999755859375,1936.800048828125,1936.800048828125,1936.800048828125,22
1937.0,1937.300048828125,1937.0,1937.0999755859375,1937.0999755859375,52
1937.0999755859375,1937.5,1937.0,1937.199951171875,1937.199951171875,49
1937.300048828125,1937.4000244140625,1936.9000244140625,1937.4000244140625,1937.4000244140625,37
1937.5,1937.699951171875,1937.5,1937.699951171875,1937.699951171875,31
1937.5999755859375,1937.699951171875,1937.5,1937.5999755859375,1937.5999755859375,12
1937.699951171875,1937.9000244140625,1937.5999755859375,1937.5999755859375,1937.5999755859375,48
1937.800048828125,1937.800048828125,1937.5999755859375,1937.5999755859375,1937.5999755859375,38
1937.800048828125,1937.9000244140625,1937.800048828125,1937.9000244140625,1937.9000244140625,7
1937.800048828125,1938.300048828125,1937.800048828125,1938.199951171875,1938.199951171875,25
1938.0999755859375,1939.199951171875,1938.0,1939.0999755859375,1939.0999755859375,98
1939.199951171875,1939.300048828125,1938.699951171875,1939.0,1939.0,63
1939.0,1939.0,1938.699951171875,1938.800048828125,1938.800048828125,18
1938.5999755859375,1938.699951171875,1938.5999755859375,1938.699951171875,1938.699951171875,21
1938.5999755859375,1938.9000244140625,1938.5999755859375,1938.9000244140625,1938.9000244140625,29
1938.9000244140625,1938.9000244140625,1938.5999755859375,1938.5999755859375,1938.5999755859375,18
1938.5,1938.5,1938.0999755859375,1938.199951171875,1938.199951171875,55
1938.0999755859375,1938.0999755859375,1937.5999755859375,1937.9000244140625,1937.9000244140625,56
1937.9000244140625,1937.9000244140625,1937.5,1937.800048828125,1937.800048828125,24
1937.5999755859375,1938.0,1937.4000244140625,1937.9000244140625,1937.9000244140625,26
1938.0999755859375,1938.0999755859375,1937.699951171875,1937.699951171875,1937.699951171875,19
1937.5,1937.699951171875,1937.300048828125,1937.5,1937.5,20
1937.4000244140625,1937.4000244140625,1937.0,1937.199951171875,1937.199951171875,23
1937.199951171875,1937.300048828125,1936.699951171875,1937.0,1937.0,51
1936.699951171875,1936.9000244140625,1936.5,1936.9000244140625,1936.9000244140625,34
1937.0,1937.5,1937.0,1937.4000244140625,1937.4000244140625,51
1937.5,1937.800048828125,1937.5,1937.800048828125,1937.800048828125,34
1937.699951171875,1937.9000244140625,1937.5,1937.9000244140625,1937.9000244140625,25
1937.9000244140625,1937.9000244140625,1937.199951171875,1937.199951171875,1937.199951171875,20
1937.0999755859375,1937.4000244140625,1937.0,1937.0,1937.0,34
1936.800048828125,1937.0999755859375,1936.5,1936.699951171875,1936.699951171875,44
1936.5999755859375,1936.800048828125,1936.300048828125,1936.5999755859375,1936.5999755859375,31
1936.699951171875,1936.9000244140625,1936.5999755859375,1936.9000244140625,1936.9000244140625,15
1937.0,1937.199951171875,1937.0,1937.0999755859375,1937.0999755859375,13
1937.0999755859375,1937.0999755859375,1936.5999755859375,1936.699951171875,1936.699951171875,25
1936.5,1937.0999755859375,1936.4000244140625,1936.800048828125,1936.800048828125,45
1937.0,1937.199951171875,1936.9000244140625,1937.199951171875,1937.199951171875,19
1936.9000244140625,1937.0,1936.9000244140625,1936.9000244140625,1936.9000244140625,12
1936.9000244140625,1936.9000244140625,1936.4000244140625,1936.4000244140625,1936.4000244140625,19
1936.5,1936.5,1935.9000244140625,1936.0999755859375,1936.0999755859375,50
1936.199951171875,1936.4000244140625,1935.9000244140625,1936.0,1936.0,35
1936.0999755859375,1936.300048828125,1935.9000244140625,1936.300048828125,1936.300048828125,40
1936.199951171875,1936.699951171875,1936.0,1936.5,1936.5,94
1936.300048828125,1936.800048828125,1936.199951171875,1936.800048828125,1936.800048828125,31
1936.800048828125,1936.9000244140625,1936.4000244140625,1936.4000244140625,1936.4000244140625,24
1936.4000244140625,1936.699951171875,1936.4000244140625,1936.5,1936.5,15
1936.4000244140625,1936.5999755859375,1936.300048828125,1936.5,1936.5,13
1936.5,1936.800048828125,1936.5,1936.699951171875,1936.699951171875,7
1936.9000244140625,1936.9000244140625,1936.5999755859375,1936.5999755859375,1936.5999755859375,13
1936.800048828125,1936.800048828125,1936.699951171875,1936.699951171875,1936.699951171875,2
1936.800048828125,1936.800048828125,1936.5,1936.5999755859375,1936.5999755859375,11
1936.4000244140625,1936.4000244140625,1936.300048828125,1936.300048828125,1936.300048828125,8
1936.4000244140625,1936.5,1936.300048828125,1936.300048828125,1936.300048828125,7
1936.199951171875,1936.4000244140625,1936.0,1936.0,1936.0,16
1936.0999755859375,1936.0999755859375,1935.800048828125,1935.800048828125,1935.800048828125,33
1935.9000244140625,1935.9000244140625,1935.4000244140625,1935.699951171875,1935.699951171875,52
1935.5,1936.5,1935.5,1936.5,1936.5,39
1936.5,1936.5,1935.800048828125,1936.0999755859375,1936.0999755859375,59
1936.0999755859375,1936.5999755859375,1936.0999755859375,1936.4000244140625,1936.4000244140625,39
1936.4000244140625,1936.4000244140625,1936.0,1936.4000244140625,1936.4000244140625,31
1936.4000244140625,1936.5999755859375,1936.4000244140625,1936.5999755859375,1936.5999755859375,6
1936.699951171875,1937.0999755859375,1936.5999755859375,1936.5999755859375,1936.5999755859375,56
1936.5999755859375,1936.5999755859375,1936.199951171875,1936.199951171875,1936.199951171875,32
1936.0999755859375,1936.300048828125,1936.0999755859375,1936.0999755859375,1936.0999755859375,11
1936.0,1936.0999755859375,1935.800048828125,1935.800048828125,1935.800048828125,29
1935.800048828125,1935.9000244140625,1935.4000244140625,1935.800048828125,1935.800048828125,36
1935.800048828125,1936.0,1935.300048828125,1935.800048828125,1935.800048828125,58
1935.800048828125,1936.199951171875,1935.699951171875,1935.9000244140625,1935.9000244140625,21
1935.800048828125,1936.0,1935.4000244140625,1935.800048828125,1935.800048828125,23
1935.5999755859375,1935.699951171875,1935.4000244140625,1935.4000244140625,1935.4000244140625,9
1935.300048828125,1935.9000244140625,1935.300048828125,1935.699951171875,1935.699951171875,18
1935.699951171875,1936.300048828125,1935.199951171875,1936.199951171875,1936.199951171875,76
1936.0,1936.4000244140625,1936.0,1936.300048828125,1936.300048828125,11
1936.199951171875,1936.4000244140625,1935.9000244140625,1936.0,1936.0,19
1936.199951171875,1936.300048828125,1935.9000244140625,1936.0999755859375,1936.0999755859375,9
1936.199951171875,1936.5999755859375,1936.0,1936.300048828125,1936.300048828125,54
1936.300048828125,1936.300048828125,1935.5,1935.5,1935.5,36
1935.9000244140625,1936.199951171875,1935.699951171875,1936.0,1936.0,30
1935.800048828125,1935.800048828125,1935.800048828125,1935.800048828125,1935.800048828125,1
1936.0,1936.300048828125,1936.0,1936.199951171875,1936.199951171875,17
1936.199951171875,1936.300048828125,1935.699951171875,1936.300048828125,1936.300048828125,41
1936.199951171875,1936.4000244140625,1935.199951171875,1935.800048828125,1935.800048828125,89
1935.9000244140625,1936.300048828125,1935.9000244140625,1936.0,1936.0,27
1935.9000244140625,1935.9000244140625,1934.5999755859375,1934.800048828125,1934.800048828125,60
1934.5999755859375,1935.0,1934.199951171875,1934.699951171875,1934.699951171875,95
1934.5,1935.0,1933.800048828125,1934.300048828125,1934.300048828125,175
1934.4000244140625,1935.0,1934.199951171875,1934.800048828125,1934.800048828125,81
1934.699951171875,1935.0,1934.199951171875,1934.5999755859375,1934.5999755859375,552
1934.5,1935.0,1934.0999755859375,1934.199951171875,1934.199951171875,45
1934.199951171875,1934.5,1934.0999755859375,1934.5,1934.5,7
1934.5999755859375,1934.5999755859375,1934.300048828125,1934.300048828125,1934.300048828125,23
1934.300048828125,1934.5,1934.199951171875,1934.4000244140625,1934.4000244140625,43
1934.5999755859375,1934.5999755859375,1934.0999755859375,1934.300048828125,1934.300048828125,18
1934.300048828125,1934.300048828125,1934.0,1934.0,1934.0,14
1933.9000244140625,1934.0,1933.5999755859375,1933.5999755859375,1933.5999755859375,24
1933.5999755859375,1934.0,1933.5999755859375,1934.0,1934.0,13
1934.0999755859375,1934.5,1933.5999755859375,1934.4000244140625,1934.4000244140625,30
1934.300048828125,1934.9000244140625,1934.300048828125,1934.800048828125,1934.800048828125,39
1934.5999755859375,1935.0,1934.5999755859375,1934.9000244140625,1934.9000244140625,30
1934.5999755859375,1934.699951171875,1934.199951171875,1934.300048828125,1934.300048828125,29
1934.300048828125,1935.0,1934.300048828125,1935.0,1935.0,24
1934.9000244140625,1935.0,1934.5,1934.699951171875,1934.699951171875,50
1934.699951171875,1936.199951171875,1934.5999755859375,1935.9000244140625,1935.9000244140625,220
1935.800048828125,1936.0999755859375,1935.4000244140625,1935.699951171875,1935.699951171875,62
1935.5,1935.5,1935.0,1935.0,1935.0,40
1934.9000244140625,1935.199951171875,1934.800048828125,1934.9000244140625,1934.9000244140625,42
1934.699951171875,1934.699951171875,1933.9000244140625,1934.300048828125,1934.300048828125,171
1934.0999755859375,1934.0999755859375,1932.800048828125,1933.199951171875,1933.199951171875,146
1933.0999755859375,1933.300048828125,1932.5999755859375,1932.9000244140625,1932.9000244140625,80
1932.699951171875,1933.0,1931.9000244140625,1932.199951171875,1932.199951171875,215
1932.4000244140625,1932.800048828125,1932.0,1932.5999755859375,1932.5999755859375,79
1932.4000244140625,1932.5999755859375,1932.199951171875,1932.4000244140625,1932.4000244140625,43
1932.5,1933.0,1932.4000244140625,1933.0,1933.0,54
1932.800048828125,1932.800048828125,1932.0,1932.199951171875,1932.199951171875,38
1932.0,1932.0999755859375,1931.0999755859375,1931.5999755859375,1931.5999755859375,164
1931.5,1931.699951171875,1930.800048828125,1930.9000244140625,1930.9000244140625,199
1930.9000244140625,1931.5999755859375,1930.4000244140625,1930.4000244140625,1930.4000244140625,193
1930.300048828125,1930.699951171875,1928.0,1928.5999755859375,1928.5999755859375,814
1928.5,1929.199951171875,1926.0,1927.5999755859375,1927.5999755859375,917
1927.5999755859375,1928.5999755859375,1926.5999755859375,1927.5999755859375,1927.5999755859375,337
1927.9000244140625,1928.300048828125,1926.699951171875,1927.0999755859375,1927.0999755859375,807
1926.800048828125,1927.199951171875,1926.0999755859375,1927.0999755859375,1927.0999755859375,233
1927.199951171875,1928.5999755859375,1926.9000244140625,1927.5,1927.5,334
1927.4000244140625,1929.199951171875,1927.199951171875,1929.0999755859375,1929.0999755859375,263
1928.9000244140625,1929.0,1927.199951171875,1927.4000244140625,1927.4000244140625,199
1927.4000244140625,1928.4000244140625,1927.4000244140625,1928.0999755859375,1928.0999755859375,105
1927.9000244140625,1928.199951171875,1927.300048828125,1927.5,1927.5,75
1927.5999755859375,1928.800048828125,1927.5,1928.5,1928.5,120
1928.5999755859375,1929.300048828125,1928.5,1928.800048828125,1928.800048828125,153
1928.699951171875,1929.300048828125,1928.5999755859375,1928.5999755859375,1928.5999755859375,128
1928.800048828125,1929.5999755859375,1928.5999755859375,1929.0,1929.0,184
1929.0999755859375,1929.0999755859375,1928.199951171875,1928.300048828125,1928.300048828125,57
1928.199951171875,1928.699951171875,1928.199951171875,1928.5,1928.5,32
1928.5999755859375,1928.5999755859375,1927.699951171875,1928.0,1928.0,70
1927.800048828125,1928.5999755859375,1927.5999755859375,1928.5999755859375,1928.5999755859375,97
1928.4000244140625,1929.0,1928.4000244140625,1928.800048828125,1928.800048828125,38
1928.800048828125,1929.4000244140625,1928.699951171875,1929.0,1929.0,127
1929.199951171875,1929.9000244140625,1929.0,1929.800048828125,1929.800048828125,186
1929.800048828125,1929.9000244140625,1928.800048828125,1928.800048828125,1928.800048828125,91
1928.699951171875,1930.199951171875,1928.699951171875,1929.4000244140625,1929.4000244140625,113
1929.5,1929.5999755859375,1928.0,1928.199951171875,1928.199951171875,176
1928.199951171875,1928.4000244140625,1926.5,1927.300048828125,1927.300048828125,290
1927.4000244140625,1928.300048828125,1927.0999755859375,1927.9000244140625,1927.9000244140625,137
1928.0,1928.5,1927.5999755859375,1928.300048828125,1928.300048828125,74
1928.199951171875,1928.5,1927.9000244140625,1928.300048828125,1928.300048828125,39
1928.4000244140625,1928.699951171875,1928.199951171875,1928.4000244140625,1928.4000244140625,46
1928.5,1929.0,1928.4000244140625,1928.5999755859375,1928.5999755859375,58
1928.4000244140625,1928.4000244140625,1927.9000244140625,1928.199951171875,1928.199951171875,70
1928.0999755859375,1928.300048828125,1927.5999755859375,1927.5999755859375,1927.5999755859375,64
1927.5999755859375,1927.5999755859375,1926.800048828125,1926.800048828125,1926.800048828125,86
1926.9000244140625,1927.199951171875,1926.0,1926.199951171875,1926.199951171875,145
1926.0,1926.4000244140625,1925.5999755859375,1925.699951171875,1925.699951171875,162
1925.5999755859375,1926.699951171875,1925.5,1926.4000244140625,1926.4000244140625,93
1926.300048828125,1927.5999755859375,1926.199951171875,1927.5999755859375,1927.5999755859375,101
1927.4000244140625,1927.5999755859375,1926.4000244140625,1926.699951171875,1926.699951171875,57
1926.699951171875,1926.699951171875,1925.800048828125,1926.199951171875,1926.199951171875,96
1926.300048828125,1926.699951171875,1926.0999755859375,1926.5999755859375,1926.5999755859375,39
1926.5999755859375,1927.199951171875,1926.300048828125,1926.800048828125,1926.800048828125,64
1926.9000244140625,1927.4000244140625,1926.699951171875,1927.0,1927.0,94
1926.699951171875,1927.300048828125,1926.699951171875,1927.199951171875,1927.199951171875,29
1926.9000244140625,1926.9000244140625,1926.0,1926.300048828125,1926.300048828125,37
1926.0999755859375,1926.300048828125,1925.5999755859375,1926.0999755859375,1926.0999755859375,55
1926.0,1926.300048828125,1924.0999755859375,1924.300048828125,1924.300048828125,499
1924.5,1925.199951171875,1923.800048828125,1924.199951171875,1924.199951171875,305
1924.199951171875,1924.800048828125,1924.0,1924.800048828125,1924.800048828125,80
1924.800048828125,1924.800048828125,1921.9000244140625,1923.699951171875,1923.699951171875,770
1923.9000244140625,1925.4000244140625,1923.5,1924.800048828125,1924.800048828125,413
1924.5,1924.5,1923.0999755859375,1923.300048828125,1923.300048828125,268
1923.300048828125,1925.0999755859375,1923.199951171875,1924.4000244140625,1924.4000244140625,234
1924.199951171875,1924.5,1923.5,1924.0999755859375,1924.0999755859375,66
1924.0999755859375,1924.4000244140625,1924.0,1924.300048828125,1924.300048828125,36
1924.300048828125,1925.0,1924.0999755859375,1925.0,1925.0,62
1924.800048828125,1925.300048828125,1924.300048828125,1924.300048828125,1924.300048828125,124
1924.300048828125,1924.300048828125,1922.699951171875,1923.699951171875,1923.699951171875,125
1924.0,1924.300048828125,1923.5,1923.5,1923.5,61
1923.5999755859375,1923.9000244140625,1923.4000244140625,1923.4000244140625,1923.4000244140625,79
1923.5999755859375,1923.5999755859375,1922.5999755859375,1923.0999755859375,1923.0999755859375,113
1923.0,1924.0999755859375,1923.0,1923.300048828125,1923.300048828125,133
1923.199951171875,1924.699951171875,1923.0,1924.5999755859375,1924.5999755859375,141
1924.5999755859375,1924.9000244140625,1924.4000244140625,1924.800048828125,1924.800048828125,58
1924.800048828125,1925.699951171875,1924.699951171875,1924.699951171875,1924.699951171875,198
1924.5999755859375,1924.800048828125,1923.4000244140625,1923.5,1923.5,156
1923.4000244140625,1924.5999755859375,1923.4000244140625,1924.0999755859375,1924.0999755859375,208
1924.4000244140625,1925.5999755859375,1924.0,1925.0999755859375,1925.0999755859375,152
1925.0999755859375,1925.5999755859375,1924.800048828125,1925.300048828125,1925.300048828125,181
1925.199951171875,1925.4000244140625,1924.699951171875,1925.0999755859375,1925.0999755859375,126
1925.0,1925.199951171875,1924.5999755859375,1924.9000244140625,1924.9000244140625,69
1924.9000244140625,1924.9000244140625,1924.0999755859375,1924.4000244140625,1924.4000244140625,139
1924.5,1924.5999755859375,1923.5999755859375,1924.300048828125,1924.300048828125,112
1924.0999755859375,1924.9000244140625,1924.0999755859375,1924.0999755859375,1924.0999755859375,97
1924.0,1924.9000244140625,1924.0,1924.699951171875,1924.699951171875,71
1924.800048828125,1925.0999755859375,1924.5,1924.5999755859375,1924.5999755859375,71
1924.800048828125,1925.199951171875,1924.5,1924.9000244140625,1924.9000244140625,43
1924.9000244140625,1925.0,1924.5,1924.699951171875,1924.699951171875,29
1924.699951171875,1924.699951171875,1923.5999755859375,1923.9000244140625,1923.9000244140625,43
1923.800048828125,1923.9000244140625,1923.4000244140625,1923.699951171875,1923.699951171875,54
1924.0,1924.699951171875,1923.9000244140625,1924.5,1924.5,45
1924.5,1924.5,1924.5,1924.5,1924.5,3
1924.4000244140625,1924.699951171875,1924.300048828125,1924.4000244140625,1924.4000244140625,387
1924.5,1924.5999755859375,1924.5,1924.5999755859375,1924.5999755859375,76
1924.4000244140625,1925.0,1924.199951171875,1924.699951171875,1924.699951171875,123
1924.699951171875,1925.0,1924.5,1924.5999755859375,1924.5999755859375,27
1924.699951171875,1925.0,1924.4000244140625,1924.800048828125,1924.800048828125,580
1925.0999755859375,1925.0999755859375,1924.0999755859375,1924.800048828125,1924.800048828125,436
1925.0,1926.0,1924.800048828125,1925.699951171875,1925.699951171875,163
1925.5999755859375,1925.699951171875,1925.300048828125,1925.300048828125,1925.300048828125,36
1925.5,1925.5999755859375,1924.9000244140625,1925.300048828125,1925.300048828125,77
1925.300048828125,1925.300048828125,1924.9000244140625,1925.0,1925.0,54
1924.800048828125,1925.5,1924.800048828125,1925.5,1925.5,53
1925.5999755859375,1925.5999755859375,1925.0999755859375,1925.5999755859375,1925.5999755859375,61
1925.5999755859375,1926.0,1925.199951171875,1925.4000244140625,1925.4000244140625,101
1925.5999755859375,1925.699951171875,1925.199951171875,1925.300048828125,1925.300048828125,136
1925.0,1925.199951171875,1924.699951171875,1925.0999755859375,1925.0999755859375,53
1925.0,1925.0,1925.0,1925.0,1925.0,4
1925.0,1925.4000244140625,1924.9000244140625,1925.300048828125,1925.300048828125,42
1925.0999755859375,1925.5,1924.800048828125,1925.4000244140625,1925.4000244140625,36
1925.300048828125,1925.4000244140625,1925.199951171875,1925.300048828125,1925.300048828125,16
1925.4000244140625,1925.9000244140625,1925.300048828125,1925.699951171875,1925.699951171875,129
1925.5999755859375,1925.699951171875,1925.0,1925.4000244140625,1925.4000244140625,50
1925.0999755859375,1925.800048828125,1924.699951171875,1925.199951171875,1925.199951171875,112
1925.199951171875,1925.699951171875,1925.0,1925.5,1925.5,50
1925.5,1925.699951171875,1924.800048828125,1925.300048828125,1925.300048828125,72
1925.199951171875,1925.199951171875,1924.9000244140625,1925.199951171875,1925.199951171875,22
1925.199951171875,1925.5,1925.0,1925.199951171875,1925.199951171875,69
1925.199951171875,1926.0,1925.199951171875,1925.4000244140625,1925.4000244140625,75
1925.300048828125,1925.5999755859375,1925.0999755859375,1925.5999755859375,1925.5999755859375,46
1925.5999755859375,1929.199951171875,1925.5999755859375,1928.0,1928.0,1182
1928.0999755859375,1928.0999755859375,1926.4000244140625,1927.5,1927.5,202
1927.4000244140625,1928.0,1926.9000244140625,1927.800048828125,1927.800048828125,77
1927.699951171875,1928.9000244140625,1927.699951171875,1928.300048828125,1928.300048828125,150
1928.300048828125,1928.4000244140625,1927.5999755859375,1928.0,1928.0,66
1927.9000244140625,1928.4000244140625,1927.5999755859375,1927.800048828125,1927.800048828125,30
1927.800048828125,1928.5999755859375,1927.800048828125,1928.300048828125,1928.300048828125,65
1928.300048828125,1928.300048828125,1928.0999755859375,1928.0999755859375,1928.0999755859375,81
1928.0999755859375,1928.699951171875,1928.0,1928.0999755859375,1928.0999755859375,80
1927.800048828125,1927.9000244140625,1927.5999755859375,1927.9000244140625,1927.9000244140625,60
1928.0,1928.4000244140625,1927.699951171875,1928.0999755859375,1928.0999755859375,40
1928.4000244140625,1928.4000244140625,1928.0,1928.0999755859375,1928.0999755859375,23
1928.199951171875,1928.5999755859375,1928.0999755859375,1928.5,1928.5,67
1928.5999755859375,1928.800048828125,1928.0999755859375,1928.5999755859375,1928.5999755859375,88
1928.300048828125,1928.5999755859375,1928.0999755859375,1928.5,1928.5,46
1928.300048828125,1929.0,1928.199951171875,1928.5999755859375,1928.5999755859375,64
1928.5999755859375,1929.0,1928.5,1928.699951171875,1928.699951171875,38
1928.9000244140625,1928.9000244140625,1928.199951171875,1928.199951171875,1928.199951171875,23
1928.0999755859375,1928.0999755859375,1927.300048828125,1927.800048828125,1927.800048828125,100
1928.0,1928.300048828125,1926.9000244140625,1928.0,1928.0,131
1928.0999755859375,1928.5999755859375,1928.0,1928.5999755859375,1928.5999755859375,24
1928.699951171875,1928.800048828125,1928.5999755859375,1928.800048828125,1928.800048828125,20
1928.800048828125,1929.0999755859375,1928.5,1928.800048828125,1928.800048828125,53
1928.800048828125,1929.0,1926.9000244140625,1928.4000244140625,1928.4000244140625,446
1928.4000244140625,1929.9000244140625,1928.300048828125,1929.800048828125,1929.800048828125,210
1929.800048828125,1930.5999755859375,1929.300048828125,1930.0,1930.0,317
1930.0,1930.0999755859375,1928.699951171875,1928.9000244140625,1928.9000244140625,126
1929.0,1929.300048828125,1928.699951171875,1929.0,1929.0,117
1929.0,1929.4000244140625,1928.800048828125,1929.0,1929.0,36
1928.9000244140625,1929.0,1928.699951171875,1929.0,1929.0,29
1929.199951171875,1929.300048828125,1928.800048828125,1928.9000244140625,1928.9000244140625,41
1928.699951171875,1928.699951171875,1928.4000244140625,1928.4000244140625,1928.4000244140625,41
1928.4000244140625,1928.699951171875,1927.800048828125,1928.5,1928.5,328
1928.199951171875,1928.699951171875,1928.199951171875,1928.5,1928.5,272
1928.4000244140625,1928.5,1928.0999755859375,1928.0999755859375,1928.0999755859375,15
1928.199951171875,1928.300048828125,1927.9000244140625,1928.0999755859375,1928.0999755859375,31
1928.0999755859375,1928.0999755859375,1927.800048828125,1927.800048828125,1927.800048828125,508
1927.9000244140625,1927.9000244140625,1927.5,1927.800048828125,1927.800048828125,74
1927.5999755859375,1928.0999755859375,1927.4000244140625,1928.0999755859375,1928.0999755859375,34
1928.0999755859375,1928.0999755859375,1928.0999755859375,1928.0999755859375,1928.0999755859375,7
1928.0,1928.4000244140625,1928.0,1928.300048828125,1928.300048828125,18
1928.4000244140625,1928.5999755859375,1928.0,1928.5,1928.5,37
1928.300048828125,1928.4000244140625,1927.699951171875,1928.199951171875,1928.199951171875,50
1928.4000244140625,1928.4000244140625,1927.699951171875,1927.9000244140625,1927.9000244140625,25
1927.9000244140625,1928.9000244140625,1927.5999755859375,1928.9000244140625,1928.9000244140625,117
1928.9000244140625,1928.9000244140625,1928.5999755859375,1928.5999755859375,1928.5999755859375,16
1928.5,1928.5,1928.0999755859375,1928.0999755859375,1928.0999755859375,135
1928.4000244140625,1928.5999755859375,1927.9000244140625,1928.300048828125,1928.300048828125,126
1928.199951171875,1928.4000244140625,1927.9000244140625,1928.0999755859375,1928.0999755859375,33
1928.0999755859375,1929.0,1928.0999755859375,1929.0,1929.0,96
1928.9000244140625,1929.9000244140625,1928.0,1928.0,1928.0,264
1928.0,1928.5,1927.4000244140625,1927.4000244140625,1927.4000244140625,160
1927.5999755859375,1928.0,1927.5,1927.5,1927.5,122
1927.5,1928.699951171875,1927.4000244140625,1928.5999755859375,1928.5999755859375,122
1928.4000244140625,1928.5999755859375,1927.9000244140625,1928.0,1928.0,72
1928.199951171875,1928.800048828125,1928.199951171875,1928.5,1928.5,56
1928.4000244140625,1929.0999755859375,1928.4000244140625,1928.699951171875,1928.699951171875,43
1928.9000244140625,1929.4000244140625,1928.5,1928.9000244140625,1928.9000244140625,85
1929.0,1929.0,1928.300048828125,1928.5999755859375,1928.5999755859375,59
1928.4000244140625,1929.0999755859375,1928.300048828125,1928.699951171875,1928.699951171875,35
1928.5999755859375,1929.0999755859375,1928.5999755859375,1928.800048828125,1928.800048828125,21
1928.699951171875,1929.0999755859375,1928.5999755859375,1929.0999755859375,1929.0999755859375,17
1929.0999755859375,1929.199951171875,1928.800048828125,1928.800048828125,1928.800048828125,19
1929.199951171875,1929.300048828125,1928.800048828125,1928.800048828125,1928.800048828125,16
1929.0,1929.5,1929.0,1929.5,1929.5,32
1929.300048828125,1929.5999755859375,1929.0999755859375,1929.5,1929.5,41
1929.5999755859375,1929.800048828125,1929.4000244140625,1929.699951171875,1929.699951171875,108
1929.5999755859375,1929.699951171875,1929.4000244140625,1929.5,1929.5,41
1929.5,1929.5,1928.9000244140625,1929.0999755859375,1929.0999755859375,54
1928.699951171875,1928.9000244140625,1928.5,1928.699951171875,1928.699951171875,69
1928.800048828125,1929.300048828125,1928.800048828125,1929.0,1929.0,32
1929.199951171875,1929.9000244140625,1929.199951171875,1929.800048828125,1929.800048828125,73
1929.800048828125,1930.199951171875,1929.4000244140625,1929.4000244140625,1929.4000244140625,126
1929.300048828125,1929.5999755859375,1929.0999755859375,1929.0999755859375,1929.0999755859375,44
1928.800048828125,1929.199951171875,1928.800048828125,1929.199951171875,1929.199951171875,15
1929.300048828125,1929.699951171875,1929.199951171875,1929.5999755859375,1929.5999755859375,52
1929.5,1929.699951171875,1928.5999755859375,1928.5999755859375,1928.5999755859375,71
1928.5,1928.9000244140625,1928.5,1928.800048828125,1928.800048828125,40
1928.699951171875,1929.199951171875,1928.699951171875,1929.199951171875,1929.199951171875,59
1929.199951171875,1929.199951171875,1928.699951171875,1929.199951171875,1929.199951171875,28
1929.199951171875,1929.4000244140625,1928.699951171875,1928.699951171875,1928.699951171875,22
1928.699951171875,1928.9000244140625,1928.699951171875,1928.9000244140625,1928.9000244140625,5
1928.800048828125,1929.0,1928.0999755859375,1928.300048828125,1928.300048828125,93
1928.300048828125,1928.4000244140625,1927.699951171875,1928.0,1928.0,43
1928.0,1928.0,1927.4000244140625,1927.5999755859375,1927.5999755859375,97
1927.699951171875,1928.0,1927.5999755859375,1928.0,1928.0,45
1928.199951171875,1928.4000244140625,1927.699951171875,1927.9000244140625,1927.9000244140625,83
1927.699951171875,1927.699951171875,1926.9000244140625,1927.300048828125,1927.300048828125,90
1927.300048828125,1927.699951171875,1927.0,1927.4000244140625,1927.4000244140625,150
1927.199951171875,1927.5,1927.0,1927.5,1927.5,65
1927.5999755859375,1927.9000244140625,1927.199951171875,1927.5999755859375,1927.5999755859375,126
1927.9000244140625,1928.9000244140625,1927.5999755859375,1927.5999755859375,1927.5999755859375,338
1927.4000244140625,1928.300048828125,1927.300048828125,1928.0,1928.0,66
1927.9000244140625,1928.0,1927.0,1927.300048828125,1927.300048828125,48
1927.4000244140625,1927.699951171875,1926.9000244140625,1927.300048828125,1927.300048828125,90
1927.300048828125,1927.5,1926.699951171875,1927.0999755859375,1927.0999755859375,67
1926.9000244140625,1926.9000244140625,1926.5999755859375,1926.5999755859375,1926.5999755859375,43
1926.699951171875,1926.699951171875,1925.4000244140625,1925.5,1925.5,273
1925.800048828125,1926.0999755859375,1925.199951171875,1926.0999755859375,1926.0999755859375,153
1926.0,1926.5,1925.9000244140625,1926.4000244140625,1926.4000244140625,124
1926.5999755859375,1927.0,1926.0,1926.800048828125,1926.800048828125,61
1926.9000244140625,1927.5,1926.800048828125,1927.300048828125,1927.300048828125,94
1927.4000244140625,1927.4000244140625,1926.9000244140625,1927.300048828125,1927.300048828125,57
1927.300048828125,1927.4000244140625,1927.0,1927.199951171875,1927.199951171875,82
1927.4000244140625,1927.800048828125,1927.0,1927.699951171875,1927.699951171875,80
1927.699951171875,1927.699951171875,1927.4000244140625,1927.5,1927.5,22
1927.300048828125,1927.5999755859375,1927.0999755859375,1927.5999755859375,1927.5999755859375,16
1927.5,1928.0,1927.300048828125,1927.5999755859375,1927.5999755859375,54
1927.699951171875,1927.800048828125,1927.4000244140625,1927.5,1927.5,62
1927.300048828125,1927.699951171875,1927.199951171875,1927.699951171875,1927.699951171875,23
1927.5999755859375,1927.699951171875,1927.4000244140625,1927.4000244140625,1927.4000244140625,24
1927.5,1928.199951171875,1927.5,1928.199951171875,1928.199951171875,19
1928.199951171875,1928.199951171875,1927.5999755859375,1928.0999755859375,1928.0999755859375,34
1927.699951171875,1928.0,1927.699951171875,1928.0,1928.0,21
1927.800048828125,1927.800048828125,1927.199951171875,1927.5999755859375,1927.5999755859375,103
1927.699951171875,1927.9000244140625,1927.4000244140625,1927.9000244140625,1927.9000244140625,41
1927.9000244140625,1928.0999755859375,1927.699951171875,1927.800048828125,1927.800048828125,24
1927.699951171875,1927.699951171875,1927.300048828125,1927.5,1927.5,36
1927.5999755859375,1928.0,1927.5,1927.800048828125,1927.800048828125,29
1927.800048828125,1927.9000244140625,1927.5999755859375,1927.699951171875,1927.699951171875,16
1927.9000244140625,1928.0,1927.5999755859375,1927.5999755859375,1927.5999755859375,21
1927.699951171875,1927.699951171875,1927.300048828125,1927.300048828125,1927.300048828125,37
1927.199951171875,1927.4000244140625,1926.9000244140625,1927.4000244140625,1927.4000244140625,80
1927.300048828125,1927.5999755859375,1927.0999755859375,1927.300048828125,1927.300048828125,30
1927.199951171875,1927.5999755859375,1927.0999755859375,1927.0999755859375,1927.0999755859375,42
1927.0,1927.199951171875,1926.5999755859375,1926.9000244140625,1926.9000244140625,208
1926.9000244140625,1927.4000244140625,1926.9000244140625,1927.0,1927.0,60
1926.800048828125,1927.4000244140625,1926.5999755859375,1927.0,1927.0,52
1927.199951171875,1927.5,1927.0,1927.5,1927.5,50
1927.5,1927.800048828125,1927.4000244140625,1927.699951171875,1927.699951171875,25
1927.800048828125,1928.0999755859375,1927.5999755859375,1928.0,1928.0,97
1928.0999755859375,1928.0999755859375,1927.5999755859375,1927.699951171875,1927.699951171875,132
1927.5999755859375,1927.699951171875,1926.699951171875,1927.199951171875,1927.199951171875,92
1927.0999755859375,1927.5,1926.5,1927.5,1927.5,954
1927.199951171875,1927.199951171875,1925.5,1925.5999755859375,1925.5999755859375,201
1925.5,1925.5999755859375,1923.300048828125,1924.0999755859375,1924.0999755859375,508
1924.0999755859375,1924.5,1923.9000244140625,1924.0999755859375,1924.0999755859375,247
1924.199951171875,1926.300048828125,1923.9000244140625,1925.699951171875,1925.699951171875,381
1925.800048828125,1925.9000244140625,1924.0,1924.5,1924.5,303
1924.4000244140625,1925.5999755859375,1924.300048828125,1925.199951171875,1925.199951171875,98
1925.0,1925.5,1924.800048828125,1925.300048828125,1925.300048828125,84
1925.300048828125,1927.0,1925.199951171875,1926.9000244140625,1926.9000244140625,180
1926.9000244140625,1927.699951171875,1926.300048828125,1927.5,1927.5,192
1927.4000244140625,1928.0,1926.9000244140625,1927.5999755859375,1927.5999755859375,272
1927.800048828125,1929.4000244140625,1927.5,1927.5,1927.5,410
1927.5999755859375,1927.9000244140625,1927.199951171875,1927.5999755859375,1927.5999755859375,105
1927.699951171875,1927.699951171875,1925.800048828125,1925.800048828125,1925.800048828125,364
1925.800048828125,1926.0999755859375,1925.300048828125,1925.5,1925.5,294
1925.5,1927.0999755859375,1925.5,1927.0999755859375,1927.0999755859375,126
1926.9000244140625,1927.5,1926.4000244140625,1926.5,1926.5,178
1926.4000244140625,1926.5,1925.5,1925.5,1925.5,226
1925.5,1926.199951171875,1925.4000244140625,1926.0,1926.0,61
1925.9000244140625,1925.9000244140625,1925.300048828125,1925.5999755859375,1925.5999755859375,215
1925.5999755859375,1926.199951171875,1925.199951171875,1926.0999755859375,1926.0999755859375,193
1926.199951171875,1926.5,1926.0,1926.300048828125,1926.300048828125,88
1926.199951171875,1926.699951171875,1926.199951171875,1926.300048828125,1926.300048828125,69
1926.300048828125,1926.4000244140625,1926.0,1926.199951171875,1926.199951171875,52
1926.199951171875,1928.0999755859375,1926.0999755859375,1928.0999755859375,1928.0999755859375,619
1928.0999755859375,1928.800048828125,1927.5999755859375,1928.0,1928.0,305
1928.0,1928.5999755859375,1927.800048828125,1928.5999755859375,1928.5999755859375,100
1928.5,1929.800048828125,1928.5,1929.5,1929.5,271
1929.699951171875,1930.199951171875,1929.0,1929.300048828125,1929.300048828125,242
1929.199951171875,1931.0,1929.199951171875,1930.5,1930.5,268
1930.5999755859375,1931.199951171875,1929.5,1929.699951171875,1929.699951171875,145
1929.9000244140625,1930.199951171875,1929.199951171875,1929.300048828125,1929.300048828125,115
1929.300048828125,1929.4000244140625,1928.699951171875,1929.0,1929.0,105
1928.800048828125,1929.5,1927.800048828125,1928.0999755859375,1928.0999755859375,387
1928.199951171875,1929.300048828125,1928.0,1928.800048828125,1928.800048828125,171
1928.800048828125,1930.5999755859375,1928.5,1930.300048828125,1930.300048828125,293
1930.300048828125,1930.699951171875,1929.199951171875,1929.4000244140625,1929.4000244140625,223
1929.5,1929.5,1928.800048828125,1928.800048828125,1928.800048828125,95
1928.699951171875,1929.5,1928.0,1929.199951171875,1929.199951171875,135
1929.0,1929.199951171875,1927.5999755859375,1928.0,1928.0,293
1928.199951171875,1928.199951171875,1927.5,1927.699951171875,1927.699951171875,200
1927.699951171875,1927.800048828125,1926.300048828125,1926.800048828125,1926.800048828125,227
1926.800048828125,1926.800048828125,1925.699951171875,1926.4000244140625,1926.4000244140625,154
1926.5999755859375,1927.300048828125,1926.5,1926.699951171875,1926.699951171875,180
1926.800048828125,1927.0,1925.4000244140625,1925.699951171875,1925.699951171875,173
1925.4000244140625,1925.9000244140625,1925.4000244140625,1925.699951171875,1925.699951171875,36
1925.0999755859375,1926.199951171875,1924.0999755859375,1926.0,1926.0,435
1926.0,1926.800048828125,1925.9000244140625,1926.5999755859375,1926.5999755859375,177
1926.5999755859375,1927.199951171875,1926.199951171875,1926.699951171875,1926.699951171875,216
1927.0,1927.199951171875,1926.0,1926.300048828125,1926.300048828125,207
1926.199951171875,1926.300048828125,1924.0,1925.0999755859375,1925.0999755859375,469
1924.9000244140625,1925.699951171875,1924.5,1925.300048828125,1925.300048828125,169
1925.0999755859375,1926.0,1924.9000244140625,1925.699951171875,1925.699951171875,74
1925.699951171875,1925.800048828125,1925.0,1925.4000244140625,1925.4000244140625,59
1925.5,1926.199951171875,1925.300048828125,1926.199951171875,1926.199951171875,49
1926.0999755859375,1926.5999755859375,1926.0,1926.4000244140625,1926.4000244140625,124
1926.4000244140625,1926.5,1925.699951171875,1926.0999755859375,1926.0999755859375,70
1926.0999755859375,1926.4000244140625,1926.0,1926.300048828125,1926.300048828125,264
1926.4000244140625,1927.0,1926.199951171875,1926.9000244140625,1926.9000244140625,1339
1926.800048828125,1926.9000244140625,1925.9000244140625,1926.0,1926.0,187
1925.9000244140625,1926.199951171875,1925.5,1926.0999755859375,1926.0999755859375,91
1926.0,1926.0999755859375,1925.199951171875,1925.199951171875,1925.199951171875,413
1925.199951171875,1925.699951171875,1925.0999755859375,1925.5,1925.5,203
1925.5,1925.699951171875,1925.199951171875,1925.4000244140625,1925.4000244140625,90
1925.5,1926.300048828125,1925.5,1925.699951171875,1925.699951171875,134
1925.699951171875,1926.199951171875,1925.4000244140625,1925.5,1925.5,98
1925.300048828125,1925.5999755859375,1924.9000244140625,1925.5,1925.5,105
1925.5999755859375,1926.5,1925.4000244140625,1925.5,1925.5,114
1925.699951171875,1925.800048828125,1924.699951171875,1924.9000244140625,1924.9000244140625,126
1925.0,1925.4000244140625,1924.0,1924.0,1924.0,189
1924.300048828125,1925.4000244140625,1923.9000244140625,1923.9000244140625,1923.9000244140625,976
1924.0,1924.4000244140625,1922.5,1923.800048828125,1923.800048828125,615
1923.699951171875,1924.699951171875,1923.300048828125,1924.5999755859375,1924.5999755859375,181
1924.699951171875,1924.699951171875,1922.4000244140625,1923.0999755859375,1923.0999755859375,326
1923.0999755859375,1923.199951171875,1920.699951171875,1922.5,1922.5,1098
1922.4000244140625,1924.4000244140625,1922.0999755859375,1924.0,1924.0,344
1923.9000244140625,1924.800048828125,1923.800048828125,1924.4000244140625,1924.4000244140625,240
1924.5999755859375,1924.5999755859375,1923.0,1923.5,1923.5,321
1923.699951171875,1924.0,1921.800048828125,1922.4000244140625,1922.4000244140625,386
1922.4000244140625,1923.5999755859375,1921.800048828125,1922.800048828125,1922.800048828125,366
1922.9000244140625,1925.300048828125,1922.699951171875,1924.800048828125,1924.800048828125,421
1924.9000244140625,1925.300048828125,1924.4000244140625,1924.4000244140625,1924.4000244140625,144
1924.300048828125,1924.300048828125,1922.800048828125,1923.300048828125,1923.300048828125,512
1923.199951171875,1923.800048828125,1923.0,1923.5999755859375,1923.5999755859375,159
1923.699951171875,1923.699951171875,1921.199951171875,1921.5,1921.5,324
1921.4000244140625,1921.5,1919.300048828125,1919.800048828125,1919.800048828125,1091
1919.800048828125,1922.0,1919.4000244140625,1921.300048828125,1921.300048828125,497
1921.199951171875,1923.5999755859375,1921.199951171875,1923.5999755859375,1923.5999755859375,502
1923.5999755859375,1923.9000244140625,1922.9000244140625,1923.800048828125,1923.800048828125,754
1923.5999755859375,1923.5999755859375,1922.9000244140625,1923.199951171875,1923.199951171875,159
1923.0,1924.800048828125,1922.9000244140625,1924.0999755859375,1924.0999755859375,277
1924.0999755859375,1924.4000244140625,1923.4000244140625,1924.300048828125,1924.300048828125,309
1924.199951171875,1924.699951171875,1923.699951171875,1924.0,1924.0,580
1923.9000244140625,1924.5999755859375,1923.5,1923.9000244140625,1923.9000244140625,258
1923.9000244140625,1924.0,1923.4000244140625,1924.0,1924.0,177
1923.800048828125,1924.300048828125,1923.4000244140625,1923.9000244140625,1923.9000244140625,157
1923.699951171875,1924.0,1922.699951171875,1923.0,1923.0,198
1922.9000244140625,1923.5,1922.199951171875,1923.4000244140625,1923.4000244140625,287
1923.5,1924.0,1922.699951171875,1923.800048828125,1923.800048828125,139
1923.699951171875,1924.300048828125,1922.800048828125,1923.5,1923.5,117
1923.5,1923.9000244140625,1921.699951171875,1921.699951171875,1921.699951171875,179
1921.9000244140625,1922.699951171875,1921.699951171875,1922.199951171875,1922.199951171875,123
1922.0999755859375,1922.0999755859375,1920.800048828125,1921.199951171875,1921.199951171875,351
1921.199951171875,1921.300048828125,1918.5999755859375,1919.300048828125,1919.300048828125,972
1919.300048828125,1919.5,1913.9000244140625,1915.300048828125,1915.300048828125,2442
1915.199951171875,1916.199951171875,1913.0,1914.0,1914.0,2230
1913.800048828125,1914.4000244140625,1909.800048828125,1913.199951171875,1913.199951171875,2696
1913.0999755859375,1914.5,1912.300048828125,1913.5,1913.5,864
1913.5999755859375,1915.4000244140625,1913.300048828125,1913.5999755859375,1913.5999755859375,646
1913.5,1913.9000244140625,1912.0999755859375,1913.5999755859375,1913.5999755859375,598
1913.699951171875,1914.699951171875,1913.0,1913.9000244140625,1913.9000244140625,506
1913.800048828125,1915.199951171875,1913.800048828125,1914.800048828125,1914.800048828125,380
1914.800048828125,1915.699951171875,1913.9000244140625,1915.0,1915.0,446
1914.800048828125,1915.300048828125,1914.0,1914.0999755859375,1914.0999755859375,502
1914.0,1914.0999755859375,1913.199951171875,1913.5,1913.5,317
1913.5999755859375,1914.300048828125,1912.9000244140625,1913.5999755859375,1913.5999755859375,906
1913.9000244140625,1914.199951171875,1912.699951171875,1913.199951171875,1913.199951171875,208
1913.0999755859375,1914.5999755859375,1913.0,1914.300048828125,1914.300048828125,266
1914.5,1914.699951171875,1913.5,1913.699951171875,1913.699951171875,570
1913.5999755859375,1914.199951171875,1913.199951171875,1913.9000244140625,1913.9000244140625,780
1913.9000244140625,1914.699951171875,1913.5,1914.0999755859375,1914.0999755859375,378
1914.199951171875,1915.699951171875,1914.0999755859375,1915.0,1915.0,1389
1914.800048828125,1915.699951171875,1914.0,1914.0999755859375,1914.0999755859375,3458
1914.0,1914.9000244140625,1914.0,1914.9000244140625,1914.9000244140625,125
1914.699951171875,1914.699951171875,1913.5,1914.0999755859375,1914.0999755859375,718
1914.199951171875,1914.199951171875,1913.5999755859375,1913.9000244140625,1913.9000244140625,197
1913.9000244140625,1915.199951171875,1913.800048828125,1914.699951171875,1914.699951171875,255
1914.699951171875,1914.800048828125,1913.5999755859375,1913.800048828125,1913.800048828125,225
1913.800048828125,1914.300048828125,1913.300048828125,1914.199951171875,1914.199951171875,103
1914.199951171875,1914.5,1912.800048828125,1913.0999755859375,1913.0999755859375,317
1912.9000244140625,1914.4000244140625,1912.5,1914.0999755859375,1914.0999755859375,682
1913.9000244140625,1914.0,1913.0999755859375,1913.199951171875,1913.199951171875,159
1913.0999755859375,1913.5999755859375,1912.699951171875,1913.5,1913.5,138
1913.5999755859375,1914.199951171875,1913.300048828125,1913.4000244140625,1913.4000244140625,300
1913.4000244140625,1913.9000244140625,1913.300048828125,1913.9000244140625,1913.9000244140625,195
1914.0,1914.699951171875,1913.5,1913.5999755859375,1913.5999755859375,347
1913.5999755859375,1913.5999755859375,1913.0,1913.0,1913.0,199
1913.0,1914.0999755859375,1912.9000244140625,1913.5,1913.5,176
1913.4000244140625,1915.0999755859375,1913.300048828125,1914.800048828125,1914.800048828125,247
1914.5999755859375,1914.5999755859375,1913.300048828125,1913.300048828125,1913.300048828125,148
1913.199951171875,1914.0999755859375,1913.0999755859375,1913.800048828125,1913.800048828125,181
1913.699951171875,1914.199951171875,1913.699951171875,1914.0,1914.0,143
1914.0,1914.0999755859375,1913.5,1914.0,1914.0,149
1913.9000244140625,1914.199951171875,1913.0,1913.4000244140625,1913.4000244140625,115
1913.4000244140625,1913.800048828125,1912.5999755859375,1912.5999755859375,1912.5999755859375,248
1912.699951171875,1913.699951171875,1912.699951171875,1913.5999755859375,1913.5999755859375,236
1913.5999755859375,1914.800048828125,1913.5,1914.5999755859375,1914.5999755859375,178
1914.5999755859375,1915.199951171875,1914.199951171875,1914.199951171875,1914.199951171875,278
1914.199951171875,1914.699951171875,1913.9000244140625,1914.0999755859375,1914.0999755859375,132
1914.0,1914.300048828125,1913.699951171875,1914.0,1914.0,140
1914.199951171875,1915.0999755859375,1914.0999755859375,1915.0,1915.0,173
1915.0999755859375,1916.9000244140625,1914.800048828125,1916.0999755859375,1916.0999755859375,563
1916.0,1916.4000244140625,1914.9000244140625,1915.300048828125,1915.300048828125,418
1915.300048828125,1915.800048828125,1914.5999755859375,1914.5999755859375,1914.5999755859375,304
1914.800048828125,1915.5,1914.800048828125,1915.4000244140625,1915.4000244140625,293
1915.300048828125,1915.5,1914.5999755859375,1915.0999755859375,1915.0999755859375,273
1915.199951171875,1915.5999755859375,1913.9000244140625,1914.300048828125,1914.300048828125,1275
1914.0999755859375,1915.0,1914.0999755859375,1914.800048828125,1914.800048828125,338
1914.9000244140625,1915.4000244140625,1914.699951171875,1915.199951171875,1915.199951171875,90
1915.300048828125,1915.4000244140625,1914.9000244140625,1915.0999755859375,1915.0999755859375,77
1915.199951171875,1915.5999755859375,1914.199951171875,1915.5,1915.5,519
1915.5,1916.4000244140625,1915.0999755859375,1916.0,1916.0,454
1916.0,1916.699951171875,1916.0,1916.0,1916.0,353
1915.9000244140625,1915.9000244140625,1915.4000244140625,1915.5,1915.5,145
1915.4000244140625,1915.5999755859375,1914.800048828125,1914.800048828125,1914.800048828125,257
1914.800048828125,1914.9000244140625,1914.0,1914.5,1914.5,409
1914.5,1914.800048828125,1914.0,1914.199951171875,1914.199951171875,190
1914.300048828125,1915.300048828125,1914.300048828125,1914.9000244140625,1914.9000244140625,144
1915.0,1915.4000244140625,1914.699951171875,1915.199951171875,1915.199951171875,75
1915.199951171875,1915.5999755859375,1915.0999755859375,1915.199951171875,1915.199951171875,98
1915.199951171875,1915.199951171875,1914.0,1914.0,1914.0,88
1914.0999755859375,1914.199951171875,1913.300048828125,1913.800048828125,1913.800048828125,303
1913.800048828125,1914.9000244140625,1913.300048828125,1914.9000244140625,1914.9000244140625,379
1914.9000244140625,1915.0999755859375,1914.5,1914.699951171875,1914.699951171875,104
1914.699951171875,1915.0,1914.4000244140625,1914.4000244140625,1914.4000244140625,69
1914.699951171875,1914.699951171875,1913.800048828125,1914.199951171875,1914.199951171875,115
1914.300048828125,1914.699951171875,1913.800048828125,1913.9000244140625,1913.9000244140625,96
1913.9000244140625,1913.9000244140625,1913.300048828125,1913.4000244140625,1913.4000244140625,120
1913.300048828125,1913.4000244140625,1912.699951171875,1913.300048828125,1913.300048828125,216
1913.199951171875,1913.300048828125,1912.5999755859375,1912.800048828125,1912.800048828125,795
1912.699951171875,1913.0,1912.199951171875,1912.699951171875,1912.699951171875,179
1912.5999755859375,1912.5999755859375,1911.5,1911.699951171875,1911.699951171875,336
1911.5,1911.5,1910.5999755859375,1911.0,1911.0,434
1911.0,1912.0999755859375,1910.9000244140625,1911.5999755859375,1911.5999755859375,271
1911.800048828125,1911.800048828125,1911.300048828125,1911.699951171875,1911.699951171875,96
1911.699951171875,1911.800048828125,1911.199951171875,1911.300048828125,1911.300048828125,91
1911.4000244140625,1912.0,1911.199951171875,1911.800048828125,1911.800048828125,105
1911.699951171875,1912.800048828125,1911.699951171875,1912.5999755859375,1912.5999755859375,108
1912.5,1913.4000244140625,1912.4000244140625,1913.300048828125,1913.300048828125,150
1913.199951171875,1913.699951171875,1913.199951171875,1913.4000244140625,1913.4000244140625,141
1913.300048828125,1913.300048828125,1912.4000244140625,1912.5,1912.5,130
1912.5,1913.199951171875,1912.4000244140625,1912.5999755859375,1912.5999755859375,106
1912.4000244140625,1912.5,1911.699951171875,1912.0,1912.0,159
1911.9000244140625,1912.4000244140625,1911.9000244140625,1912.0,1912.0,217
1912.0,1912.300048828125,1911.699951171875,1912.199951171875,1912.199951171875,123
1912.0999755859375,1912.5999755859375,1912.0999755859375,1912.199951171875,1912.199951171875,79
1912.4000244140625,1912.9000244140625,1912.4000244140625,1912.9000244140625,1912.9000244140625,84
1912.9000244140625,1913.9000244140625,1912.800048828125,1913.300048828125,1913.300048828125,169
1913.300048828125,1914.300048828125,1912.9000244140625,1913.5,1913.5,253
1913.5,1915.199951171875,1913.5,1914.699951171875,1914.699951171875,357
1914.5999755859375,1915.5,1914.5,1915.300048828125,1915.300048828125,338
1915.4000244140625,1916.0999755859375,1915.300048828125,1915.699951171875,1915.699951171875,294
1915.800048828125,1916.800048828125,1915.5,1916.5,1916.5,292
1916.4000244140625,1916.4000244140625,1915.300048828125,1915.5,1915.5,179
1915.199951171875,1915.4000244140625,1914.800048828125,1915.0999755859375,1915.0999755859375,63
1914.9000244140625,1915.800048828125,1914.4000244140625,1915.800048828125,1915.800048828125,253
1915.800048828125,1915.800048828125,1915.0,1915.199951171875,1915.199951171875,50
1915.0,1915.0999755859375,1914.300048828125,1915.0,1915.0,189
1914.9000244140625,1915.5,1914.800048828125,1915.5,1915.5,94
1915.4000244140625,1916.199951171875,1915.0999755859375,1915.699951171875,1915.699951171875,148
1916.0,1917.0,1915.9000244140625,1916.699951171875,1916.699951171875,229
1916.699951171875,1916.699951171875,1916.0999755859375,1916.5999755859375,1916.5999755859375,126
1916.699951171875,1918.300048828125,1916.5,1917.699951171875,1917.699951171875,437
1917.5999755859375,1917.800048828125,1916.800048828125,1917.0,1917.0,184
1917.0,1917.4000244140625,1916.800048828125,1916.9000244140625,1916.9000244140625,120
1916.9000244140625,1917.300048828125,1916.800048828125,1917.0999755859375,1917.0999755859375,132
1917.0999755859375,1917.4000244140625,1916.699951171875,1917.300048828125,1917.300048828125,67
1917.0999755859375,1917.300048828125,1916.5999755859375,1917.199951171875,1917.199951171875,58
1917.199951171875,1918.0,1917.199951171875,1917.300048828125,1917.300048828125,225
1917.4000244140625,1918.0,1917.4000244140625,1917.5999755859375,1917.5999755859375,105
1917.699951171875,1918.0,1917.4000244140625,1917.5999755859375,1917.5999755859375,103
1917.800048828125,1918.300048828125,1917.4000244140625,1918.0999755859375,1918.0999755859375,222
1918.0999755859375,1918.800048828125,1918.0,1918.4000244140625,1918.4000244140625,231
1918.4000244140625,1918.5999755859375,1917.699951171875,1918.5,1918.5,192
1918.5999755859375,1919.0,1918.199951171875,1918.9000244140625,1918.9000244140625,129
1919.0,1919.699951171875,1919.0,1919.4000244140625,1919.4000244140625,334
1919.5,1919.5,1918.199951171875,1918.199951171875,1918.199951171875,210
1918.5,1919.0999755859375,1918.199951171875,1918.9000244140625,1918.9000244140625,157
1918.800048828125,1919.0,1918.800048828125,1918.9000244140625,1918.9000244140625,85
1918.9000244140625,1919.0999755859375,1918.300048828125,1918.300048828125,1918.300048828125,99
1918.5,1918.800048828125,1918.0999755859375,1918.300048828125,1918.300048828125,112
1918.4000244140625,1919.199951171875,1918.4000244140625,1918.800048828125,1918.800048828125,94
1918.9000244140625,1919.5999755859375,1918.699951171875,1919.4000244140625,1919.4000244140625,164
1919.4000244140625,1919.699951171875,1919.199951171875,1919.699951171875,1919.699951171875,112
1919.800048828125,1919.9000244140625,1919.5999755859375,1919.800048828125,1919.800048828125,101
1919.9000244140625,1919.9000244140625,1919.199951171875,1919.4000244140625,1919.4000244140625,131
1919.5,1919.699951171875,1919.0999755859375,1919.300048828125,1919.300048828125,126
1919.4000244140625,1919.5,1919.0,1919.4000244140625,1919.4000244140625,87
1919.5,1920.0,1919.4000244140625,1919.9000244140625,1919.9000244140625,110
1919.9000244140625,1920.0,1919.699951171875,1919.800048828125,1919.800048828125,108
1919.800048828125,1919.9000244140625,1919.699951171875,1919.9000244140625,1919.9000244140625,20
1921.300048828125,1922.0,1921.300048828125,1921.699951171875,1921.699951171875,856
1921.699951171875,1922.0,1921.0,1921.4000244140625,1921.4000244140625,136
1921.4000244140625,1922.5,1921.4000244140625,1921.800048828125,1921.800048828125,994
1921.800048828125,1921.800048828125,1921.0,1921.0,1921.0,171
1921.0999755859375,1921.5,1920.5999755859375,1921.5,1921.5,221
1921.4000244140625,1922.199951171875,1921.4000244140625,1921.800048828125,1921.800048828125,150
1921.800048828125,1923.0999755859375,1921.800048828125,1922.9000244140625,1922.9000244140625,665
1922.9000244140625,1923.0,1922.300048828125,1922.4000244140625,1922.4000244140625,196
1922.199951171875,1922.4000244140625,1921.699951171875,1921.9000244140625,1921.9000244140625,81
1921.9000244140625,1922.300048828125,1921.800048828125,1922.0,1922.0,94
1922.0,1922.199951171875,1921.800048828125,1921.9000244140625,1921.9000244140625,90
1921.9000244140625,1921.9000244140625,1921.5,1921.9000244140625,1921.9000244140625,56
1921.9000244140625,1922.5,1921.5,1921.5999755859375,1921.5999755859375,272
1921.5999755859375,1921.800048828125,1921.0,1921.300048828125,1921.300048828125,120
1921.4000244140625,1921.5999755859375,1920.5999755859375,1920.5999755859375,1920.5999755859375,156
1920.5999755859375,1920.800048828125,1920.199951171875,1920.800048828125,1920.800048828125,228
1920.699951171875,1921.199951171875,1920.5,1921.0,1921.0,119
1921.199951171875,1921.199951171875,1920.300048828125,1920.300048828125,1920.300048828125,122
1920.300048828125,1920.5999755859375,1920.0999755859375,1920.300048828125,1920.300048828125,89
1920.300048828125,1920.4000244140625,1919.9000244140625,1920.0,1920.0,109
1920.0,1920.699951171875,1919.800048828125,1920.199951171875,1920.199951171875,206
1920.5,1921.5,1920.4000244140625,1921.300048828125,1921.300048828125,158
1921.199951171875,1922.300048828125,1921.199951171875,1922.0999755859375,1922.0999755859375,147
1921.9000244140625,1921.9000244140625,1920.699951171875,1921.199951171875,1921.199951171875,202
1921.0999755859375,1921.4000244140625,1920.4000244140625,1920.4000244140625,1920.4000244140625,91
1920.300048828125,1920.5,1920.199951171875,1920.199951171875,1920.199951171875,55
1920.300048828125,1920.300048828125,1919.4000244140625,1919.5,1919.5,169
1919.5999755859375,1920.0,1919.300048828125,1919.5999755859375,1919.5999755859375,224
1919.699951171875,1920.0,1919.5999755859375,1919.5999755859375,1919.5999755859375,151
1919.699951171875,1919.699951171875,1919.4000244140625,1919.4000244140625,1919.4000244140625,42
1919.4000244140625,1919.800048828125,1919.4000244140625,1919.5,1919.5,45
1919.699951171875,1920.4000244140625,1919.199951171875,1920.199951171875,1920.199951171875,98
1920.5,1920.5,1920.300048828125,1920.300048828125,1920.300048828125,84
1920.300048828125,1920.9000244140625,1920.300048828125,1920.5,1920.5,84
1920.5,1920.5,1920.0,1920.0999755859375,1920.0999755859375,38
1920.199951171875,1920.199951171875,1919.800048828125,1920.0,1920.0,63
1919.9000244140625,1920.0,1919.5999755859375,1919.5999755859375,1919.5999755859375,81
1919.699951171875,1919.800048828125,1919.4000244140625,1919.5999755859375,1919.5999755859375,52
1919.5999755859375,1919.9000244140625,1919.5,1919.800048828125,1919.800048828125,68
1919.800048828125,1920.300048828125,1919.800048828125,1920.0,1920.0,87
1920.0,1920.0999755859375,1919.5,1919.5999755859375,1919.5999755859375,69
1919.5,1919.699951171875,1919.300048828125,1919.5999755859375,1919.5999755859375,65
1919.699951171875,1920.300048828125,1919.699951171875,1920.0,1920.0,121
1920.0999755859375,1920.5,1919.9000244140625,1920.300048828125,1920.300048828125,48
1920.300048828125,1921.0,1920.199951171875,1920.4000244140625,1920.4000244140625,110
1920.4000244140625,1920.5,1919.5999755859375,1919.800048828125,1919.800048828125,46
1919.699951171875,1920.199951171875,1919.699951171875,1920.0,1920.0,74
1920.0,1920.0,1919.199951171875,1919.4000244140625,1919.4000244140625,103
1919.300048828125,1919.5,1918.4000244140625,1918.4000244140625,1918.4000244140625,260
1918.4000244140625,1918.9000244140625,1918.0,1918.5,1918.5,216
1918.4000244140625,1919.300048828125,1918.300048828125,1919.199951171875,1919.199951171875,236
1919.0999755859375,1919.699951171875,1919.0999755859375,1919.300048828125,1919.300048828125,51
1919.300048828125,1919.800048828125,1919.199951171875,1919.800048828125,1919.800048828125,68
1919.800048828125,1919.9000244140625,1918.9000244140625,1919.0999755859375,1919.0999755859375,103
1919.199951171875,1919.5999755859375,1919.199951171875,1919.5,1919.5,20
1920.0,1920.199951171875,1919.699951171875,1920.199951171875,1920.199951171875,118
1920.0999755859375,1920.9000244140625,1920.0999755859375,1920.199951171875,1920.199951171875,93
1920.300048828125,1920.9000244140625,1920.300048828125,1920.5999755859375,1920.5999755859375,102
1920.5999755859375,1920.5999755859375,1920.0999755859375,1920.199951171875,1920.199951171875,51
1920.300048828125,1920.4000244140625,1919.800048828125,1920.0999755859375,1920.0999755859375,107
1920.0999755859375,1920.4000244140625,1919.699951171875,1919.699951171875,1919.699951171875,67
1919.699951171875,1920.199951171875,1919.5,1920.199951171875,1920.199951171875,96
1920.199951171875,1920.4000244140625,1920.199951171875,1920.199951171875,1920.199951171875,46
1920.300048828125,1921.5,1920.300048828125,1921.0,1921.0,665
1921.0,1921.800048828125,1920.9000244140625,1921.4000244140625,1921.4000244140625,192
1921.5,1922.0,1921.4000244140625,1921.9000244140625,1921.9000244140625,164
1921.9000244140625,1922.199951171875,1921.800048828125,1921.9000244140625,1921.9000244140625,982
1921.9000244140625,1922.5999755859375,1921.5999755859375,1921.5999755859375,1921.5999755859375,186
1921.5999755859375,1921.800048828125,1921.0,1921.0999755859375,1921.0999755859375,412
1921.0999755859375,1921.300048828125,1920.5,1920.9000244140625,1920.9000244140625,242
1921.0,1922.800048828125,1921.0,1922.0999755859375,1922.0999755859375,242
1922.199951171875,1922.800048828125,1922.0999755859375,1922.0999755859375,1922.0999755859375,354
1922.0999755859375,1922.800048828125,1922.0999755859375,1922.5999755859375,1922.5999755859375,82
1922.5,1923.0,1922.5,1922.9000244140625,1922.9000244140625,67
1922.800048828125,1923.199951171875,1922.5999755859375,1922.699951171875,1922.699951171875,95
1922.5,1922.699951171875,1922.0999755859375,1922.0999755859375,1922.0999755859375,94
1922.0999755859375,1922.199951171875,1921.9000244140625,1922.0,1922.0,36
1922.0999755859375,1922.4000244140625,1922.0,1922.300048828125,1922.300048828125,50
1922.199951171875,1922.199951171875,1921.9000244140625,1922.0,1922.0,34
1922.0,1922.0999755859375,1921.699951171875,1921.9000244140625,1921.9000244140625,48
1921.9000244140625,1922.199951171875,1921.699951171875,1921.699951171875,1921.699951171875,37
1921.699951171875,1921.800048828125,1921.5,1921.5999755859375,1921.5999755859375,43
1921.5999755859375,1921.800048828125,1921.300048828125,1921.5999755859375,1921.5999755859375,93
1921.5999755859375,1921.800048828125,1921.0,1921.0999755859375,1921.0999755859375,60
1921.0,1921.4000244140625,1920.9000244140625,1921.4000244140625,1921.4000244140625,30
1921.300048828125,1921.800048828125,1921.300048828125,1921.699951171875,1921.699951171875,30
1921.800048828125,1922.699951171875,1921.800048828125,1922.5,1922.5,112
1922.699951171875,1923.0,1922.699951171875,1923.0,1923.0,71
1922.9000244140625,1923.0,1922.800048828125,1922.9000244140625,1922.9000244140625,29
1923.0,1923.0999755859375,1922.0,1922.0,1922.0,115
1922.0999755859375,1922.199951171875,1921.9000244140625,1921.9000244140625,1921.9000244140625,21
1922.300048828125,1922.699951171875,1922.300048828125,1922.5,1922.5,26
1922.699951171875,1922.699951171875,1922.0999755859375,1922.0999755859375,1922.0999755859375,21
1922.199951171875,1922.5,1922.199951171875,1922.300048828125,1922.300048828125,41
1922.0999755859375,1922.300048828125,1921.5999755859375,1921.5999755859375,1921.5999755859375,70
1921.5999755859375,1922.0999755859375,1921.5,1921.699951171875,1921.699951171875,25
1921.699951171875,1921.9000244140625,1921.699951171875,1921.699951171875,1921.699951171875,19
1921.699951171875,1921.699951171875,1920.9000244140625,1920.9000244140625,1920.9000244140625,45
1920.9000244140625,1920.9000244140625,1920.0,1920.300048828125,1920.300048828125,139
1920.300048828125,1920.699951171875,1920.0999755859375,1920.0999755859375,1920.0999755859375,59
1920.0999755859375,1921.0999755859375,1919.800048828125,1921.0,1921.0,137
1920.9000244140625,1922.0,1920.9000244140625,1921.300048828125,1921.300048828125,185
1921.300048828125,1921.800048828125,1921.199951171875,1921.800048828125,1921.800048828125,14
1921.9000244140625,1922.0999755859375,1921.9000244140625,1921.9000244140625,1921.9000244140625,29
1921.9000244140625,1921.9000244140625,1921.5999755859375,1921.5999755859375,1921.5999755859375,14
1921.5999755859375,1922.0,1921.5999755859375,1922.0,1922.0,21
1922.199951171875,1922.699951171875,1922.0,1922.699951171875,1922.699951171875,81
1922.699951171875,1922.9000244140625,1922.199951171875,1922.199951171875,1922.199951171875,51
1922.0,1922.199951171875,1921.9000244140625,1922.0,1922.0,32
1922.0999755859375,1922.199951171875,1922.0999755859375,1922.0999755859375,1922.0999755859375,11
1922.0999755859375,1922.0999755859375,1921.800048828125,1921.800048828125,1921.800048828125,10
1921.9000244140625,1922.0,1921.5999755859375,1921.9000244140625,1921.9000244140625,58
1921.5999755859375,1921.5999755859375,1921.199951171875,1921.4000244140625,1921.4000244140625,33
1921.199951171875,1921.5999755859375,1921.199951171875,1921.5,1921.5,21
1921.4000244140625,1922.0,1921.4000244140625,1921.5999755859375,1921.5999755859375,38
1921.5999755859375,1921.9000244140625,1921.5,1921.5999755859375,1921.5999755859375,25
1921.5,1921.800048828125,1921.5,1921.800048828125,1921.800048828125,19
1921.9000244140625,1922.0,1921.4000244140625,1921.4000244140625,1921.4000244140625,0
1921.699951171875,1921.699951171875,1921.699951171875,1921.699951171875,1921.699951171875,0
