Datetime,Open,High,Low,Close,Adj Close,Volume
2022-03-22 00:00:00-04:00,1937.9000244140625,1937.9000244140625,1937.4000244140625,1937.4000244140625,1937.4000244140625,0
2022-03-22 00:01:00-04:00,1937.4000244140625,1937.4000244140625,1937.199951171875,1937.300048828125,1937.300048828125,23
2022-03-22 00:02:00-04:00,1937.4000244140625,1937.5,1937.300048828125,1937.4000244140625,1937.4000244140625,24
2022-03-22 00:03:00-04:00,1937.5,1937.5,1937.4000244140625,1937.4000244140625,1937.4000244140625,7
2022-03-22 00:04:00-04:00,1937.4000244140625,1937.4000244140625,1937.300048828125,1937.300048828125,1937.300048828125,6
2022-03-22 00:05:00-04:00,1937.300048828125,1937.300048828125,1937.300048828125,1937.300048828125,1937.300048828125,6
2022-03-22 00:06:00-04:00,1937.300048828125,1937.300048828125,1936.9000244140625,1937.0999755859375,1937.0999755859375,27
2022-03-22 00:07:00-04:00,1937.0999755859375,1937.4000244140625,1937.0999755859375,1937.300048828125,1937.300048828125,15
2022-03-22 00:09:00-04:00,1937.4000244140625,1937.4000244140625,1937.0999755859375,1937.4000244140625,1937.4000244140625,174
2022-03-22 00:10:00-04:00,1937.300048828125,1937.699951171875,1937.199951171875,1937.5,1937.5,26
2022-03-22 00:11:00-04:00,1937.5999755859375,1937.699951171875,1937.5999755859375,1937.699951171875,1937.699951171875,6
2022-03-22 00:12:00-04:00,1937.5999755859375,1937.5999755859375,1937.5,1937.5999755859375,1937.5999755859375,6
2022-03-22 00:13:00-04:00,1937.699951171875,1937.699951171875,1937.5999755859375,1937.5999755859375,1937.5999755859375,6
2022-03-22 00:14:00-04:00,1937.4000244140625,1937.4000244140625,1937.0,1937.0999755859375,1937.0999755859375,9
2022-03-22 00:15:00-04:00,1937.0999755859375,1937.300048828125,1936.5999755859375,1936.800048828125,1936.800048828125,36
2022-03-22 00:16:00-04:00,1936.800048828125,1937.199951171875,1936.199951171875,1936.5999755859375,1936.5999755859375,84
2022-03-22 00:17:00-04:00,1936.4000244140625,1936.5999755859375,1935.9000244140625,1936.0999755859375,1936.0999755859375,56
2022-03-22 00:18:00-04:00,1936.300048828125,1936.699951171875,1936.0999755859375,1936.699951171875,1936.699951171875,28
2022-03-22 00:19:00-04:00,1936.5,1936.5,1936.199951171875,1936.300048828125,1936.300048828125,7
2022-03-22 00:20:00-04:00,1936.199951171875,1936.4000244140625,1936.0,1936.199951171875,1936.199951171875,20
2022-03-22 00:21:00-04:00,1936.0,1936.0999755859375,1935.5999755859375,1936.0999755859375,1936.0999755859375,58
2022-03-22 00:22:00-04:00,1935.5999755859375,1935.9000244140625,1935.5999755859375,1935.800048828125,1935.800048828125,46
2022-03-22 00:23:00-04:00,1935.9000244140625,1935.9000244140625,1935.9000244140625,1935.9000244140625,1935.9000244140625,6
2022-03-22 00:24:00-04:00,1935.699951171875,1936.0,1935.5999755859375,1935.9000244140625,1935.9000244140625,10
2022-03-22 00:25:00-04:00,1936.0,1936.300048828125,1936.0,1936.0999755859375,1936.0999755859375,8
2022-03-22 00:26:00-04:00,1936.199951171875,1936.199951171875,1936.0999755859375,1936.199951171875,1936.199951171875,4
2022-03-22 00:28:00-04:00,1936.199951171875,1936.9000244140625,1936.199951171875,1936.9000244140625,1936.9000244140625,16
2022-03-22 00:29:00-04:00,1936.800048828125,1936.9000244140625,1936.5999755859375,1936.5999755859375,1936.5999755859375,16
2022-03-22 00:30:00-04:00,1936.800048828125,1937.199951171875,1936.699951171875,1937.0999755859375,1937.0999755859375,33
2022-03-22 00:31:00-04:00,1937.199951171875,1937.199951171875,1936.699951171875,1936.699951171875,1936.699951171875,32
2022-03-22 00:32:00-04:00,1936.5999755859375,1936.5999755859375,1936.300048828125,1936.300048828125,1936.300048828125,3
2022-03-22 00:33:00-04:00,1936.4000244140625,1936.4000244140625,1936.0999755859375,1936.0999755859375,1936.0999755859375,14
2022-03-22 00:34:00-04:00,1936.300048828125,1936.4000244140625,1936.300048828125,1936.4000244140625,1936.4000244140625,9
2022-03-22 00:35:00-04:00,1936.4000244140625,1936.5999755859375,1936.199951171875,1936.199951171875,1936.199951171875,11
2022-03-22 00:36:00-04:00,1936.0,1936.4000244140625,1936.0,1936.0,1936.0,14
2022-03-22 00:37:00-04:00,1936.0,1936.0,1935.800048828125,1935.9000244140625,1935.9000244140625,4
2022-03-22 00:38:00-04:00,1935.800048828125,1935.9000244140625,1935.699951171875,1935.9000244140625,1935.9000244140625,16
2022-03-22 00:39:00-04:00,1936.0,1936.300048828125,1936.0,1936.300048828125,1936.300048828125,13
2022-03-22 00:40:00-04:00,1936.199951171875,1936.4000244140625,1935.699951171875,1936.199951171875,1936.199951171875,67
2022-03-22 00:41:00-04:00,1936.4000244140625,1936.4000244140625,1936.199951171875,1936.300048828125,1936.300048828125,7
2022-03-22 00:42:00-04:00,1935.9000244140625,1936.4000244140625,1935.800048828125,1936.0,1936.0,43
2022-03-22 00:43:00-04:00,1936.0,1936.0999755859375,1936.0,1936.0999755859375,1936.0999755859375,2
2022-03-22 00:44:00-04:00,1936.0999755859375,1936.0999755859375,1935.199951171875,1935.5999755859375,1935.5999755859375,46
2022-03-22 00:45:00-04:00,1935.5999755859375,1935.699951171875,1935.5,1935.5999755859375,1935.5999755859375,18
2022-03-22 00:46:00-04:00,1935.800048828125,1935.9000244140625,1935.800048828125,1935.800048828125,1935.800048828125,5
2022-03-22 00:47:00-04:00,1935.5,1935.5,1935.5,1935.5,1935.5,1
2022-03-22 00:48:00-04:00,1935.5,1935.699951171875,1935.4000244140625,1935.5,1935.5,16
2022-03-22 00:49:00-04:00,1935.5,1935.5,1935.199951171875,1935.199951171875,1935.199951171875,13
2022-03-22 00:50:00-04:00,1935.4000244140625,1935.4000244140625,1935.199951171875,1935.199951171875,1935.199951171875,16
2022-03-22 00:51:00-04:00,1935.199951171875,1935.4000244140625,1935.0999755859375,1935.4000244140625,1935.4000244140625,22
2022-03-22 00:52:00-04:00,1935.4000244140625,1935.4000244140625,1935.0,1935.0,1935.0,16
2022-03-22 00:53:00-04:00,1934.9000244140625,1935.0,1934.5999755859375,1934.5999755859375,1934.5999755859375,41
2022-03-22 00:54:00-04:00,1934.800048828125,1934.9000244140625,1934.699951171875,1934.699951171875,1934.699951171875,16
2022-03-22 00:55:00-04:00,1934.699951171875,1934.800048828125,1934.5,1934.800048828125,1934.800048828125,21
2022-03-22 00:56:00-04:00,1934.699951171875,1935.0999755859375,1934.5999755859375,1935.0,1935.0,34
2022-03-22 00:57:00-04:00,1935.0,1935.0999755859375,1934.800048828125,1935.0,1935.0,15
2022-03-22 00:58:00-04:00,1934.9000244140625,1935.4000244140625,1934.9000244140625,1935.4000244140625,1935.4000244140625,35
2022-03-22 00:59:00-04:00,1935.300048828125,1935.5999755859375,1935.199951171875,1935.5999755859375,1935.5999755859375,23
2022-03-22 01:00:00-04:00,1935.5,1936.0999755859375,1935.5,1936.0999755859375,1936.0999755859375,23
2022-03-22 01:01:00-04:00,1935.9000244140625,1936.199951171875,1935.9000244140625,1936.0,1936.0,20
2022-03-22 01:02:00-04:00,1936.0,1936.0,1935.9000244140625,1935.9000244140625,1935.9000244140625,6
2022-03-22 01:03:00-04:00,1935.9000244140625,1935.9000244140625,1935.5999755859375,1935.699951171875,1935.699951171875,17
2022-03-22 01:04:00-04:00,1935.699951171875,1935.9000244140625,1935.5999755859375,1935.5999755859375,1935.5999755859375,12
2022-03-22 01:05:00-04:00,1935.9000244140625,1936.4000244140625,1935.9000244140625,1936.300048828125,1936.300048828125,26
2022-03-22 01:06:00-04:00,1936.300048828125,1936.5,1936.199951171875,1936.4000244140625,1936.4000244140625,41
2022-03-22 01:07:00-04:00,1936.300048828125,1936.5999755859375,1936.300048828125,1936.5999755859375,1936.5999755859375,21
2022-03-22 01:08:00-04:00,1936.5999755859375,1936.800048828125,1936.5,1936.5,1936.5,18
2022-03-22 01:09:00-04:00,1936.4000244140625,1936.699951171875,1936.4000244140625,1936.699951171875,1936.699951171875,11
2022-03-22 01:10:00-04:00,1936.800048828125,1936.800048828125,1936.5,1936.699951171875,1936.699951171875,10
2022-03-22 01:11:00-04:00,1936.5,1936.5,1936.0999755859375,1936.300048828125,1936.300048828125,51
2022-03-22 01:12:00-04:00,1936.4000244140625,1936.9000244140625,1936.4000244140625,1936.9000244140625,1936.9000244140625,23
2022-03-22 01:13:00-04:00,1936.9000244140625,1937.4000244140625,1936.800048828125,1937.199951171875,1937.199951171875,30
2022-03-22 01:14:00-04:00,1937.4000244140625,1937.5,1937.199951171875,1937.300048828125,1937.300048828125,46
2022-03-22 01:15:00-04:00,1937.5,1937.699951171875,1937.5,1937.5999755859375,1937.5999755859375,23
2022-03-22 01:16:00-04:00,1937.5,1937.5,1937.199951171875,1937.4000244140625,1937.4000244140625,32
2022-03-22 01:17:00-04:00,1937.5,1937.5,1937.199951171875,1937.300048828125,1937.300048828125,9
2022-03-22 01:18:00-04:00,1937.199951171875,1937.5,1937.0,1937.4000244140625,1937.4000244140625,23
2022-03-22 01:19:00-04:00,1937.300048828125,1937.4000244140625,1937.0999755859375,1937.4000244140625,1937.4000244140625,21
2022-03-22 01:20:00-04:00,1937.4000244140625,1937.4000244140625,1937.199951171875,1937.199951171875,1937.199951171875,6
2022-03-22 01:21:00-04:00,1937.0,1937.5999755859375,1937.0,1937.5,1937.5,83
2022-03-22 01:22:00-04:00,1937.5999755859375,1937.800048828125,1936.9000244140625,1937.199951171875,1937.199951171875,59
2022-03-22 01:23:00-04:00,1937.0999755859375,1937.199951171875,1936.699951171875,1936.800048828125,1936.800048828125,32
2022-03-22 01:24:00-04:00,1936.699951171875,1937.199951171875,1936.699951171875,1937.199951171875,1937.199951171875,22
2022-03-22 01:25:00-04:00,1937.0999755859375,1937.0999755859375,1936.9000244140625,1937.0,1937.0,24
2022-03-22 01:26:00-04:00,1937.0,1937.4000244140625,1936.9000244140625,1937.199951171875,1937.199951171875,15
2022-03-22 01:27:00-04:00,1937.199951171875,1937.4000244140625,1937.199951171875,1937.199951171875,1937.199951171875,15
2022-03-22 01:28:00-04:00,1937.5999755859375,1937.800048828125,1937.5999755859375,1937.699951171875,1937.699951171875,19
2022-03-22 01:29:00-04:00,1937.5999755859375,1938.4000244140625,1937.5999755859375,1938.0999755859375,1938.0999755859375,55
2022-03-22 01:30:00-04:00,1938.0999755859375,1938.4000244140625,1937.699951171875,1938.300048828125,1938.300048828125,112
2022-03-22 01:31:00-04:00,1938.199951171875,1938.5999755859375,1938.0,1938.5999755859375,1938.5999755859375,45
2022-03-22 01:32:00-04:00,1938.4000244140625,1938.5,1938.0,1938.300048828125,1938.300048828125,50
2022-03-22 01:33:00-04:00,1938.199951171875,1938.5999755859375,1938.0999755859375,1938.5,1938.5,33
2022-03-22 01:34:00-04:00,1938.4000244140625,1938.5999755859375,1938.300048828125,1938.4000244140625,1938.4000244140625,61
2022-03-22 01:35:00-04:00,1938.5999755859375,1938.699951171875,1938.4000244140625,1938.4000244140625,1938.4000244140625,24
2022-03-22 01:36:00-04:00,1938.699951171875,1938.9000244140625,1938.300048828125,1938.300048828125,1938.300048828125,54
2022-03-22 01:37:00-04:00,1938.4000244140625,1938.9000244140625,1938.300048828125,1938.800048828125,1938.800048828125,36
2022-03-22 01:38:00-04:00,1938.699951171875,1938.9000244140625,1938.699951171875,1938.699951171875,1938.699951171875,24
2022-03-22 01:39:00-04:00,1938.699951171875,1939.0999755859375,1938.4000244140625,1938.800048828125,1938.800048828125,51
2022-03-22 01:40:00-04:00,1938.5,1939.199951171875,1938.5,1939.0999755859375,1939.0999755859375,33
2022-03-22 01:41:00-04:00,1939.0,1939.0999755859375,1938.800048828125,1939.0999755859375,1939.0999755859375,16
2022-03-22 01:42:00-04:00,1939.199951171875,1939.199951171875,1938.4000244140625,1938.4000244140625,1938.4000244140625,35
2022-03-22 01:43:00-04:00,1938.5,1938.5999755859375,1938.199951171875,1938.4000244140625,1938.4000244140625,25
2022-03-22 01:44:00-04:00,1938.4000244140625,1938.9000244140625,1938.199951171875,1938.9000244140625,1938.9000244140625,19
2022-03-22 01:45:00-04:00,1938.9000244140625,1939.300048828125,1938.800048828125,1938.9000244140625,1938.9000244140625,21
2022-03-22 01:46:00-04:00,1938.699951171875,1938.9000244140625,1938.4000244140625,1938.800048828125,1938.800048828125,20
2022-03-22 01:47:00-04:00,1938.800048828125,1939.199951171875,1938.800048828125,1939.0,1939.0,14
2022-03-22 01:48:00-04:00,1939.0999755859375,1939.5,1938.699951171875,1938.699951171875,1938.699951171875,59
2022-03-22 01:49:00-04:00,1938.5,1938.699951171875,1938.4000244140625,1938.5999755859375,1938.5999755859375,41
2022-03-22 01:50:00-04:00,1938.4000244140625,1938.5999755859375,1938.4000244140625,1938.4000244140625,1938.4000244140625,10
2022-03-22 01:51:00-04:00,1938.5,1938.5,1938.199951171875,1938.4000244140625,1938.4000244140625,22
2022-03-22 01:52:00-04:00,1938.4000244140625,1938.5999755859375,1938.300048828125,1938.5999755859375,1938.5999755859375,28
2022-03-22 01:53:00-04:00,1938.699951171875,1939.199951171875,1938.699951171875,1938.9000244140625,1938.9000244140625,22
2022-03-22 01:54:00-04:00,1938.9000244140625,1938.9000244140625,1938.699951171875,1938.699951171875,1938.699951171875,7
2022-03-22 01:55:00-04:00,1938.699951171875,1938.9000244140625,1938.699951171875,1938.800048828125,1938.800048828125,12
2022-03-22 01:56:00-04:00,1938.9000244140625,1939.0,1938.199951171875,1938.4000244140625,1938.4000244140625,24
2022-03-22 01:57:00-04:00,1938.300048828125,1938.5,1938.300048828125,1938.5,1938.5,5
2022-03-22 01:58:00-04:00,1938.4000244140625,1938.5999755859375,1938.199951171875,1938.199951171875,1938.199951171875,39
2022-03-22 01:59:00-04:00,1938.199951171875,1938.199951171875,1937.9000244140625,1937.9000244140625,1937.9000244140625,17
2022-03-22 02:00:00-04:00,1937.800048828125,1937.800048828125,1937.199951171875,1937.4000244140625,1937.4000244140625,82
2022-03-22 02:01:00-04:00,1937.300048828125,1937.4000244140625,1937.0999755859375,1937.4000244140625,1937.4000244140625,46
2022-03-22 02:02:00-04:00,1937.199951171875,1937.199951171875,1936.699951171875,1937.0999755859375,1937.0999755859375,71
2022-03-22 02:03:00-04:00,1937.0999755859375,1937.199951171875,1936.699951171875,1936.9000244140625,1936.9000244140625,19
2022-03-22 02:04:00-04:00,1936.9000244140625,1937.0999755859375,1936.800048828125,1936.800048828125,1936.800048828125,22
2022-03-22 02:05:00-04:00,1937.0,1937.300048828125,1937.0,1937.0999755859375,1937.0999755859375,52
2022-03-22 02:06:00-04:00,1937.0999755859375,1937.5,1937.0,1937.199951171875,1937.199951171875,49
2022-03-22 02:07:00-04:00,1937.300048828125,1937.4000244140625,1936.9000244140625,1937.4000244140625,1937.4000244140625,37
2022-03-22 02:08:00-04:00,1937.5,1937.699951171875,1937.5,1937.699951171875,1937.699951171875,31
2022-03-22 02:09:00-04:00,1937.5999755859375,1937.699951171875,1937.5,1937.5999755859375,1937.5999755859375,12
2022-03-22 02:10:00-04:00,1937.699951171875,1937.9000244140625,1937.5999755859375,1937.5999755859375,1937.5999755859375,48
2022-03-22 02:11:00-04:00,1937.800048828125,1937.800048828125,1937.5999755859375,1937.5999755859375,1937.5999755859375,38
2022-03-22 02:12:00-04:00,1937.800048828125,1937.9000244140625,1937.800048828125,1937.9000244140625,1937.9000244140625,7
2022-03-22 02:13:00-04:00,1937.800048828125,1938.300048828125,1937.800048828125,1938.199951171875,1938.199951171875,25
2022-03-22 02:14:00-04:00,1938.0999755859375,1939.199951171875,1938.0,1939.0999755859375,1939.0999755859375,98
2022-03-22 02:15:00-04:00,1939.199951171875,1939.300048828125,1938.699951171875,1939.0,1939.0,63
2022-03-22 02:16:00-04:00,1939.0,1939.0,1938.699951171875,1938.800048828125,1938.800048828125,18
2022-03-22 02:17:00-04:00,1938.5999755859375,1938.699951171875,1938.5999755859375,1938.699951171875,1938.699951171875,21
2022-03-22 02:18:00-04:00,1938.5999755859375,1938.9000244140625,1938.5999755859375,1938.9000244140625,1938.9000244140625,29
2022-03-22 02:19:00-04:00,1938.9000244140625,1938.9000244140625,1938.5999755859375,1938.5999755859375,1938.5999755859375,18
2022-03-22 02:20:00-04:00,1938.5,1938.5,1938.0999755859375,1938.199951171875,1938.199951171875,55
2022-03-22 02:21:00-04:00,1938.0999755859375,1938.0999755859375,1937.5999755859375,1937.9000244140625,1937.9000244140625,56
2022-03-22 02:22:00-04:00,1937.9000244140625,1937.9000244140625,1937.5,1937.800048828125,1937.800048828125,24
2022-03-22 02:23:00-04:00,1937.5999755859375,1938.0,1937.4000244140625,1937.9000244140625,1937.9000244140625,26
2022-03-22 02:24:00-04:00,1938.0999755859375,1938.0999755859375,1937.699951171875,1937.699951171875,1937.699951171875,19
2022-03-22 02:25:00-04:00,1937.5,1937.699951171875,1937.300048828125,1937.5,1937.5,20
2022-03-22 02:26:00-04:00,1937.4000244140625,1937.4000244140625,1937.0,1937.199951171875,1937.199951171875,23
2022-03-22 02:27:00-04:00,1937.199951171875,1937.300048828125,1936.699951171875,1937.0,1937.0,51
2022-03-22 02:28:00-04:00,1936.699951171875,1936.9000244140625,1936.5,1936.9000244140625,1936.9000244140625,34
2022-03-22 02:29:00-04:00,1937.0,1937.5,1937.0,1937.4000244140625,1937.4000244140625,51
2022-03-22 02:30:00-04:00,1937.5,1937.800048828125,1937.5,1937.800048828125,1937.800048828125,34
2022-03-22 02:31:00-04:00,1937.699951171875,1937.9000244140625,1937.5,1937.9000244140625,1937.9000244140625,25
2022-03-22 02:32:00-04:00,1937.9000244140625,1937.9000244140625,1937.199951171875,1937.199951171875,1937.199951171875,20
2022-03-22 02:33:00-04:00,1937.0999755859375,1937.4000244140625,1937.0,1937.0,1937.0,34
2022-03-22 02:34:00-04:00,1936.800048828125,1937.0999755859375,1936.5,1936.699951171875,1936.699951171875,44
2022-03-22 02:35:00-04:00,1936.5999755859375,1936.800048828125,1936.300048828125,1936.5999755859375,1936.5999755859375,31
2022-03-22 02:36:00-04:00,1936.699951171875,1936.9000244140625,1936.5999755859375,1936.9000244140625,1936.9000244140625,15
2022-03-22 02:37:00-04:00,1937.0,1937.199951171875,1937.0,1937.0999755859375,1937.0999755859375,13
2022-03-22 02:38:00-04:00,1937.0999755859375,1937.0999755859375,1936.5999755859375,1936.699951171875,1936.699951171875,25
2022-03-22 02:39:00-04:00,1936.5,1937.0999755859375,1936.4000244140625,1936.800048828125,1936.800048828125,45
2022-03-22 02:40:00-04:00,1937.0,1937.199951171875,1936.9000244140625,1937.199951171875,1937.199951171875,19
2022-03-22 02:41:00-04:00,1936.9000244140625,1937.0,1936.9000244140625,1936.9000244140625,1936.9000244140625,12
2022-03-22 02:42:00-04:00,1936.9000244140625,1936.9000244140625,1936.4000244140625,1936.4000244140625,1936.4000244140625,19
2022-03-22 02:43:00-04:00,1936.5,1936.5,1935.9000244140625,1936.0999755859375,1936.0999755859375,50
2022-03-22 02:44:00-04:00,1936.199951171875,1936.4000244140625,1935.9000244140625,1936.0,1936.0,35
2022-03-22 02:45:00-04:00,1936.0999755859375,1936.300048828125,1935.9000244140625,1936.300048828125,1936.300048828125,40
2022-03-22 02:46:00-04:00,1936.199951171875,1936.699951171875,1936.0,1936.5,1936.5,94
2022-03-22 02:47:00-04:00,1936.300048828125,1936.800048828125,1936.199951171875,1936.800048828125,1936.800048828125,31
2022-03-22 02:48:00-04:00,1936.800048828125,1936.9000244140625,1936.4000244140625,1936.4000244140625,1936.4000244140625,24
2022-03-22 02:49:00-04:00,1936.4000244140625,1936.699951171875,1936.4000244140625,1936.5,1936.5,15
2022-03-22 02:50:00-04:00,1936.4000244140625,1936.5999755859375,1936.300048828125,1936.5,1936.5,13
2022-03-22 02:51:00-04:00,1936.5,1936.800048828125,1936.5,1936.699951171875,1936.699951171875,7
2022-03-22 02:52:00-04:00,1936.9000244140625,1936.9000244140625,1936.5999755859375,1936.5999755859375,1936.5999755859375,13
2022-03-22 02:53:00-04:00,1936.800048828125,1936.800048828125,1936.699951171875,1936.699951171875,1936.699951171875,2
2022-03-22 02:54:00-04:00,1936.800048828125,1936.800048828125,1936.5,1936.5999755859375,1936.5999755859375,11
2022-03-22 02:55:00-04:00,1936.4000244140625,1936.4000244140625,1936.300048828125,1936.300048828125,1936.300048828125,8
2022-03-22 02:56:00-04:00,1936.4000244140625,1936.5,1936.300048828125,1936.300048828125,1936.300048828125,7
2022-03-22 02:57:00-04:00,1936.199951171875,1936.4000244140625,1936.0,1936.0,1936.0,16
2022-03-22 02:58:00-04:00,1936.0999755859375,1936.0999755859375,1935.800048828125,1935.800048828125,1935.800048828125,33
2022-03-22 02:59:00-04:00,1935.9000244140625,1935.9000244140625,1935.4000244140625,1935.699951171875,1935.699951171875,52
2022-03-22 03:00:00-04:00,1935.5,1936.5,1935.5,1936.5,1936.5,39
2022-03-22 03:01:00-04:00,1936.5,1936.5,1935.800048828125,1936.0999755859375,1936.0999755859375,59
2022-03-22 03:02:00-04:00,1936.0999755859375,1936.5999755859375,1936.0999755859375,1936.4000244140625,1936.4000244140625,39
2022-03-22 03:03:00-04:00,1936.4000244140625,1936.4000244140625,1936.0,1936.4000244140625,1936.4000244140625,31
2022-03-22 03:04:00-04:00,1936.4000244140625,1936.5999755859375,1936.4000244140625,1936.5999755859375,1936.5999755859375,6
2022-03-22 03:05:00-04:00,1936.699951171875,1937.0999755859375,1936.5999755859375,1936.5999755859375,1936.5999755859375,56
2022-03-22 03:06:00-04:00,1936.5999755859375,1936.5999755859375,1936.199951171875,1936.199951171875,1936.199951171875,32
2022-03-22 03:07:00-04:00,1936.0999755859375,1936.300048828125,1936.0999755859375,1936.0999755859375,1936.0999755859375,11
2022-03-22 03:08:00-04:00,1936.0,1936.0999755859375,1935.800048828125,1935.800048828125,1935.800048828125,29
2022-03-22 03:09:00-04:00,1935.800048828125,1935.9000244140625,1935.4000244140625,1935.800048828125,1935.800048828125,36
2022-03-22 03:10:00-04:00,1935.800048828125,1936.0,1935.300048828125,1935.800048828125,1935.800048828125,58
2022-03-22 03:11:00-04:00,1935.800048828125,1936.199951171875,1935.699951171875,1935.9000244140625,1935.9000244140625,21
2022-03-22 03:12:00-04:00,1935.800048828125,1936.0,1935.4000244140625,1935.800048828125,1935.800048828125,23
2022-03-22 03:13:00-04:00,1935.5999755859375,1935.699951171875,1935.4000244140625,1935.4000244140625,1935.4000244140625,9
2022-03-22 03:14:00-04:00,1935.300048828125,1935.9000244140625,1935.300048828125,1935.699951171875,1935.699951171875,18
2022-03-22 03:15:00-04:00,1935.699951171875,1936.300048828125,1935.199951171875,1936.199951171875,1936.199951171875,76
2022-03-22 03:16:00-04:00,1936.0,1936.4000244140625,1936.0,1936.300048828125,1936.300048828125,11
2022-03-22 03:17:00-04:00,1936.199951171875,1936.4000244140625,1935.9000244140625,1936.0,1936.0,19
2022-03-22 03:18:00-04:00,1936.199951171875,1936.300048828125,1935.9000244140625,1936.0999755859375,1936.0999755859375,9
2022-03-22 03:19:00-04:00,1936.199951171875,1936.5999755859375,1936.0,1936.300048828125,1936.300048828125,54
2022-03-22 03:20:00-04:00,1936.300048828125,1936.300048828125,1935.5,1935.5,1935.5,36
2022-03-22 03:21:00-04:00,1935.9000244140625,1936.199951171875,1935.699951171875,1936.0,1936.0,30
2022-03-22 03:22:00-04:00,1935.800048828125,1935.800048828125,1935.800048828125,1935.800048828125,1935.800048828125,1
2022-03-22 03:23:00-04:00,1936.0,1936.300048828125,1936.0,1936.199951171875,1936.199951171875,17
2022-03-22 03:24:00-04:00,1936.199951171875,1936.300048828125,1935.699951171875,1936.300048828125,1936.300048828125,41
2022-03-22 03:25:00-04:00,1936.199951171875,1936.4000244140625,1935.199951171875,1935.800048828125,1935.800048828125,89
2022-03-22 03:26:00-04:00,1935.9000244140625,1936.300048828125,1935.9000244140625,1936.0,1936.0,27
2022-03-22 03:27:00-04:00,1935.9000244140625,1935.9000244140625,1934.5999755859375,1934.800048828125,1934.800048828125,60
2022-03-22 03:28:00-04:00,1934.5999755859375,1935.0,1934.199951171875,1934.699951171875,1934.699951171875,95
2022-03-22 03:29:00-04:00,1934.5,1935.0,1933.800048828125,1934.300048828125,1934.300048828125,175
2022-03-22 03:30:00-04:00,1934.4000244140625,1935.0,1934.199951171875,1934.800048828125,1934.800048828125,81
2022-03-22 03:40:00-04:00,1934.699951171875,1935.0,1934.199951171875,1934.5999755859375,1934.5999755859375,552
2022-03-22 03:41:00-04:00,1934.5,1935.0,1934.0999755859375,1934.199951171875,1934.199951171875,45
2022-03-22 03:42:00-04:00,1934.199951171875,1934.5,1934.0999755859375,1934.5,1934.5,7
2022-03-22 03:43:00-04:00,1934.5999755859375,1934.5999755859375,1934.300048828125,1934.300048828125,1934.300048828125,23
2022-03-22 03:44:00-04:00,1934.300048828125,1934.5,1934.199951171875,1934.4000244140625,1934.4000244140625,43
2022-03-22 03:45:00-04:00,1934.5999755859375,1934.5999755859375,1934.0999755859375,1934.300048828125,1934.300048828125,18
2022-03-22 03:46:00-04:00,1934.300048828125,1934.300048828125,1934.0,1934.0,1934.0,14
2022-03-22 03:47:00-04:00,1933.9000244140625,1934.0,1933.5999755859375,1933.5999755859375,1933.5999755859375,24
2022-03-22 03:48:00-04:00,1933.5999755859375,1934.0,1933.5999755859375,1934.0,1934.0,13
2022-03-22 03:49:00-04:00,1934.0999755859375,1934.5,1933.5999755859375,1934.4000244140625,1934.4000244140625,30
2022-03-22 03:50:00-04:00,1934.300048828125,1934.9000244140625,1934.300048828125,1934.800048828125,1934.800048828125,39
2022-03-22 03:51:00-04:00,1934.5999755859375,1935.0,1934.5999755859375,1934.9000244140625,1934.9000244140625,30
2022-03-22 03:52:00-04:00,1934.5999755859375,1934.699951171875,1934.199951171875,1934.300048828125,1934.300048828125,29
2022-03-22 03:53:00-04:00,1934.300048828125,1935.0,1934.300048828125,1935.0,1935.0,24
2022-03-22 03:54:00-04:00,1934.9000244140625,1935.0,1934.5,1934.699951171875,1934.699951171875,50
2022-03-22 03:55:00-04:00,1934.699951171875,1936.199951171875,1934.5999755859375,1935.9000244140625,1935.9000244140625,220
2022-03-22 03:56:00-04:00,1935.800048828125,1936.0999755859375,1935.4000244140625,1935.699951171875,1935.699951171875,62
2022-03-22 03:57:00-04:00,1935.5,1935.5,1935.0,1935.0,1935.0,40
2022-03-22 03:58:00-04:00,1934.9000244140625,1935.199951171875,1934.800048828125,1934.9000244140625,1934.9000244140625,42
2022-03-22 03:59:00-04:00,1934.699951171875,1934.699951171875,1933.9000244140625,1934.300048828125,1934.300048828125,171
2022-03-22 04:00:00-04:00,1934.0999755859375,1934.0999755859375,1932.800048828125,1933.199951171875,1933.199951171875,146
2022-03-22 04:01:00-04:00,1933.0999755859375,1933.300048828125,1932.5999755859375,1932.9000244140625,1932.9000244140625,80
2022-03-22 04:02:00-04:00,1932.699951171875,1933.0,1931.9000244140625,1932.199951171875,1932.199951171875,215
2022-03-22 04:03:00-04:00,1932.4000244140625,1932.800048828125,1932.0,1932.5999755859375,1932.5999755859375,79
2022-03-22 04:04:00-04:00,1932.4000244140625,1932.5999755859375,1932.199951171875,1932.4000244140625,1932.4000244140625,43
2022-03-22 04:05:00-04:00,1932.5,1933.0,1932.4000244140625,1933.0,1933.0,54
2022-03-22 04:06:00-04:00,1932.800048828125,1932.800048828125,1932.0,1932.199951171875,1932.199951171875,38
2022-03-22 04:07:00-04:00,1932.0,1932.0999755859375,1931.0999755859375,1931.5999755859375,1931.5999755859375,164
2022-03-22 04:08:00-04:00,1931.5,1931.699951171875,1930.800048828125,1930.9000244140625,1930.9000244140625,199
2022-03-22 04:09:00-04:00,1930.9000244140625,1931.5999755859375,1930.4000244140625,1930.4000244140625,1930.4000244140625,193
2022-03-22 04:10:00-04:00,1930.300048828125,1930.699951171875,1928.0,1928.5999755859375,1928.5999755859375,814
2022-03-22 04:11:00-04:00,1928.5,1929.199951171875,1926.0,1927.5999755859375,1927.5999755859375,917
2022-03-22 04:12:00-04:00,1927.5999755859375,1928.5999755859375,1926.5999755859375,1927.5999755859375,1927.5999755859375,337
2022-03-22 04:13:00-04:00,1927.9000244140625,1928.300048828125,1926.699951171875,1927.0999755859375,1927.0999755859375,807
2022-03-22 04:14:00-04:00,1926.800048828125,1927.199951171875,1926.0999755859375,1927.0999755859375,1927.0999755859375,233
2022-03-22 04:15:00-04:00,1927.199951171875,1928.5999755859375,1926.9000244140625,1927.5,1927.5,334
2022-03-22 04:16:00-04:00,1927.4000244140625,1929.199951171875,1927.199951171875,1929.0999755859375,1929.0999755859375,263
2022-03-22 04:17:00-04:00,1928.9000244140625,1929.0,1927.199951171875,1927.4000244140625,1927.4000244140625,199
2022-03-22 04:18:00-04:00,1927.4000244140625,1928.4000244140625,1927.4000244140625,1928.0999755859375,1928.0999755859375,105
2022-03-22 04:19:00-04:00,1927.9000244140625,1928.199951171875,1927.300048828125,1927.5,1927.5,75
2022-03-22 04:20:00-04:00,1927.5999755859375,1928.800048828125,1927.5,1928.5,1928.5,120
2022-03-22 04:21:00-04:00,1928.5999755859375,1929.300048828125,1928.5,1928.800048828125,1928.800048828125,153
2022-03-22 04:22:00-04:00,1928.699951171875,1929.300048828125,1928.5999755859375,1928.5999755859375,1928.5999755859375,128
2022-03-22 04:23:00-04:00,1928.800048828125,1929.5999755859375,1928.5999755859375,1929.0,1929.0,184
2022-03-22 04:24:00-04:00,1929.0999755859375,1929.0999755859375,1928.199951171875,1928.300048828125,1928.300048828125,57
2022-03-22 04:25:00-04:00,1928.199951171875,1928.699951171875,1928.199951171875,1928.5,1928.5,32
2022-03-22 04:26:00-04:00,1928.5999755859375,1928.5999755859375,1927.699951171875,1928.0,1928.0,70
2022-03-22 04:27:00-04:00,1927.800048828125,1928.5999755859375,1927.5999755859375,1928.5999755859375,1928.5999755859375,97
2022-03-22 04:28:00-04:00,1928.4000244140625,1929.0,1928.4000244140625,1928.800048828125,1928.800048828125,38
2022-03-22 04:29:00-04:00,1928.800048828125,1929.4000244140625,1928.699951171875,1929.0,1929.0,127
2022-03-22 04:30:00-04:00,1929.199951171875,1929.9000244140625,1929.0,1929.800048828125,1929.800048828125,186
2022-03-22 04:31:00-04:00,1929.800048828125,1929.9000244140625,1928.800048828125,1928.800048828125,1928.800048828125,91
2022-03-22 04:32:00-04:00,1928.699951171875,1930.199951171875,1928.699951171875,1929.4000244140625,1929.4000244140625,113
2022-03-22 04:33:00-04:00,1929.5,1929.5999755859375,1928.0,1928.199951171875,1928.199951171875,176
2022-03-22 04:34:00-04:00,1928.199951171875,1928.4000244140625,1926.5,1927.300048828125,1927.300048828125,290
2022-03-22 04:35:00-04:00,1927.4000244140625,1928.300048828125,1927.0999755859375,1927.9000244140625,1927.9000244140625,137
2022-03-22 04:36:00-04:00,1928.0,1928.5,1927.5999755859375,1928.300048828125,1928.300048828125,74
2022-03-22 04:37:00-04:00,1928.199951171875,1928.5,1927.9000244140625,1928.300048828125,1928.300048828125,39
2022-03-22 04:38:00-04:00,1928.4000244140625,1928.699951171875,1928.199951171875,1928.4000244140625,1928.4000244140625,46
2022-03-22 04:39:00-04:00,1928.5,1929.0,1928.4000244140625,1928.5999755859375,1928.5999755859375,58
2022-03-22 04:40:00-04:00,1928.4000244140625,1928.4000244140625,1927.9000244140625,1928.199951171875,1928.199951171875,70
2022-03-22 04:41:00-04:00,1928.0999755859375,1928.300048828125,1927.5999755859375,1927.5999755859375,1927.5999755859375,64
2022-03-22 04:42:00-04:00,1927.5999755859375,1927.5999755859375,1926.800048828125,1926.800048828125,1926.800048828125,86
2022-03-22 04:43:00-04:00,1926.9000244140625,1927.199951171875,1926.0,1926.199951171875,1926.199951171875,145
2022-03-22 04:44:00-04:00,1926.0,1926.4000244140625,1925.5999755859375,1925.699951171875,1925.699951171875,162
2022-03-22 04:45:00-04:00,1925.5999755859375,1926.699951171875,1925.5,1926.4000244140625,1926.4000244140625,93
2022-03-22 04:46:00-04:00,1926.300048828125,1927.5999755859375,1926.199951171875,1927.5999755859375,1927.5999755859375,101
2022-03-22 04:47:00-04:00,1927.4000244140625,1927.5999755859375,1926.4000244140625,1926.699951171875,1926.699951171875,57
2022-03-22 04:48:00-04:00,1926.699951171875,1926.699951171875,1925.800048828125,1926.199951171875,1926.199951171875,96
2022-03-22 04:49:00-04:00,1926.300048828125,1926.699951171875,1926.0999755859375,1926.5999755859375,1926.5999755859375,39
2022-03-22 04:50:00-04:00,1926.5999755859375,1927.199951171875,1926.300048828125,1926.800048828125,1926.800048828125,64
2022-03-22 04:51:00-04:00,1926.9000244140625,1927.4000244140625,1926.699951171875,1927.0,1927.0,94
2022-03-22 04:52:00-04:00,1926.699951171875,1927.300048828125,1926.699951171875,1927.199951171875,1927.199951171875,29
2022-03-22 04:53:00-04:00,1926.9000244140625,1926.9000244140625,1926.0,1926.300048828125,1926.300048828125,37
2022-03-22 04:54:00-04:00,1926.0999755859375,1926.300048828125,1925.5999755859375,1926.0999755859375,1926.0999755859375,55
2022-03-22 04:55:00-04:00,1926.0,1926.300048828125,1924.0999755859375,1924.300048828125,1924.300048828125,499
2022-03-22 04:56:00-04:00,1924.5,1925.199951171875,1923.800048828125,1924.199951171875,1924.199951171875,305
2022-03-22 04:57:00-04:00,1924.199951171875,1924.800048828125,1924.0,1924.800048828125,1924.800048828125,80
2022-03-22 04:58:00-04:00,1924.800048828125,1924.800048828125,1921.9000244140625,1923.699951171875,1923.699951171875,770
2022-03-22 04:59:00-04:00,1923.9000244140625,1925.4000244140625,1923.5,1924.800048828125,1924.800048828125,413
2022-03-22 05:00:00-04:00,1924.5,1924.5,1923.0999755859375,1923.300048828125,1923.300048828125,268
2022-03-22 05:01:00-04:00,1923.300048828125,1925.0999755859375,1923.199951171875,1924.4000244140625,1924.4000244140625,234
2022-03-22 05:02:00-04:00,1924.199951171875,1924.5,1923.5,1924.0999755859375,1924.0999755859375,66
2022-03-22 05:03:00-04:00,1924.0999755859375,1924.4000244140625,1924.0,1924.300048828125,1924.300048828125,36
2022-03-22 05:04:00-04:00,1924.300048828125,1925.0,1924.0999755859375,1925.0,1925.0,62
2022-03-22 05:05:00-04:00,1924.800048828125,1925.300048828125,1924.300048828125,1924.300048828125,1924.300048828125,124
2022-03-22 05:06:00-04:00,1924.300048828125,1924.300048828125,1922.699951171875,1923.699951171875,1923.699951171875,125
2022-03-22 05:07:00-04:00,1924.0,1924.300048828125,1923.5,1923.5,1923.5,61
2022-03-22 05:08:00-04:00,1923.5999755859375,1923.9000244140625,1923.4000244140625,1923.4000244140625,1923.4000244140625,79
2022-03-22 05:09:00-04:00,1923.5999755859375,1923.5999755859375,1922.5999755859375,1923.0999755859375,1923.0999755859375,113
2022-03-22 05:10:00-04:00,1923.0,1924.0999755859375,1923.0,1923.300048828125,1923.300048828125,133
2022-03-22 05:11:00-04:00,1923.199951171875,1924.699951171875,1923.0,1924.5999755859375,1924.5999755859375,141
2022-03-22 05:12:00-04:00,1924.5999755859375,1924.9000244140625,1924.4000244140625,1924.800048828125,1924.800048828125,58
2022-03-22 05:13:00-04:00,1924.800048828125,1925.699951171875,1924.699951171875,1924.699951171875,1924.699951171875,198
2022-03-22 05:14:00-04:00,1924.5999755859375,1924.800048828125,1923.4000244140625,1923.5,1923.5,156
2022-03-22 05:15:00-04:00,1923.4000244140625,1924.5999755859375,1923.4000244140625,1924.0999755859375,1924.0999755859375,208
2022-03-22 05:16:00-04:00,1924.4000244140625,1925.5999755859375,1924.0,1925.0999755859375,1925.0999755859375,152
2022-03-22 05:17:00-04:00,1925.0999755859375,1925.5999755859375,1924.800048828125,1925.300048828125,1925.300048828125,181
2022-03-22 05:18:00-04:00,1925.199951171875,1925.4000244140625,1924.699951171875,1925.0999755859375,1925.0999755859375,126
2022-03-22 05:19:00-04:00,1925.0,1925.199951171875,1924.5999755859375,1924.9000244140625,1924.9000244140625,69
2022-03-22 05:20:00-04:00,1924.9000244140625,1924.9000244140625,1924.0999755859375,1924.4000244140625,1924.4000244140625,139
2022-03-22 05:21:00-04:00,1924.5,1924.5999755859375,1923.5999755859375,1924.300048828125,1924.300048828125,112
2022-03-22 05:22:00-04:00,1924.0999755859375,1924.9000244140625,1924.0999755859375,1924.0999755859375,1924.0999755859375,97
2022-03-22 05:23:00-04:00,1924.0,1924.9000244140625,1924.0,1924.699951171875,1924.699951171875,71
2022-03-22 05:24:00-04:00,1924.800048828125,1925.0999755859375,1924.5,1924.5999755859375,1924.5999755859375,71
2022-03-22 05:25:00-04:00,1924.800048828125,1925.199951171875,1924.5,1924.9000244140625,1924.9000244140625,43
2022-03-22 05:26:00-04:00,1924.9000244140625,1925.0,1924.5,1924.699951171875,1924.699951171875,29
2022-03-22 05:27:00-04:00,1924.699951171875,1924.699951171875,1923.5999755859375,1923.9000244140625,1923.9000244140625,43
2022-03-22 05:28:00-04:00,1923.800048828125,1923.9000244140625,1923.4000244140625,1923.699951171875,1923.699951171875,54
2022-03-22 05:29:00-04:00,1924.0,1924.699951171875,1923.9000244140625,1924.5,1924.5,45
2022-03-22 05:30:00-04:00,1924.5,1924.5,1924.5,1924.5,1924.5,3
2022-03-22 05:39:00-04:00,1924.4000244140625,1924.699951171875,1924.300048828125,1924.4000244140625,1924.4000244140625,387
2022-03-22 05:40:00-04:00,1924.5,1924.5999755859375,1924.5,1924.5999755859375,1924.5999755859375,76
2022-03-22 05:41:00-04:00,1924.4000244140625,1925.0,1924.199951171875,1924.699951171875,1924.699951171875,123
2022-03-22 05:42:00-04:00,1924.699951171875,1925.0,1924.5,1924.5999755859375,1924.5999755859375,27
2022-03-22 05:43:00-04:00,1924.699951171875,1925.0,1924.4000244140625,1924.800048828125,1924.800048828125,580
2022-03-22 05:44:00-04:00,1925.0999755859375,1925.0999755859375,1924.0999755859375,1924.800048828125,1924.800048828125,436
2022-03-22 05:45:00-04:00,1925.0,1926.0,1924.800048828125,1925.699951171875,1925.699951171875,163
2022-03-22 05:46:00-04:00,1925.5999755859375,1925.699951171875,1925.300048828125,1925.300048828125,1925.300048828125,36
2022-03-22 05:47:00-04:00,1925.5,1925.5999755859375,1924.9000244140625,1925.300048828125,1925.300048828125,77
2022-03-22 05:48:00-04:00,1925.300048828125,1925.300048828125,1924.9000244140625,1925.0,1925.0,54
2022-03-22 05:49:00-04:00,1924.800048828125,1925.5,1924.800048828125,1925.5,1925.5,53
2022-03-22 05:50:00-04:00,1925.5999755859375,1925.5999755859375,1925.0999755859375,1925.5999755859375,1925.5999755859375,61
2022-03-22 05:51:00-04:00,1925.5999755859375,1926.0,1925.199951171875,1925.4000244140625,1925.4000244140625,101
2022-03-22 05:52:00-04:00,1925.5999755859375,1925.699951171875,1925.199951171875,1925.300048828125,1925.300048828125,136
2022-03-22 05:53:00-04:00,1925.0,1925.199951171875,1924.699951171875,1925.0999755859375,1925.0999755859375,53
2022-03-22 05:54:00-04:00,1925.0,1925.0,1925.0,1925.0,1925.0,4
2022-03-22 05:55:00-04:00,1925.0,1925.4000244140625,1924.9000244140625,1925.300048828125,1925.300048828125,42
2022-03-22 05:56:00-04:00,1925.0999755859375,1925.5,1924.800048828125,1925.4000244140625,1925.4000244140625,36
2022-03-22 05:57:00-04:00,1925.300048828125,1925.4000244140625,1925.199951171875,1925.300048828125,1925.300048828125,16
2022-03-22 05:58:00-04:00,1925.4000244140625,1925.9000244140625,1925.300048828125,1925.699951171875,1925.699951171875,129
2022-03-22 05:59:00-04:00,1925.5999755859375,1925.699951171875,1925.0,1925.4000244140625,1925.4000244140625,50
2022-03-22 06:00:00-04:00,1925.0999755859375,1925.800048828125,1924.699951171875,1925.199951171875,1925.199951171875,112
2022-03-22 06:01:00-04:00,1925.199951171875,1925.699951171875,1925.0,1925.5,1925.5,50
2022-03-22 06:02:00-04:00,1925.5,1925.699951171875,1924.800048828125,1925.300048828125,1925.300048828125,72
2022-03-22 06:03:00-04:00,1925.199951171875,1925.199951171875,1924.9000244140625,1925.199951171875,1925.199951171875,22
2022-03-22 06:04:00-04:00,1925.199951171875,1925.5,1925.0,1925.199951171875,1925.199951171875,69
2022-03-22 06:05:00-04:00,1925.199951171875,1926.0,1925.199951171875,1925.4000244140625,1925.4000244140625,75
2022-03-22 06:06:00-04:00,1925.300048828125,1925.5999755859375,1925.0999755859375,1925.5999755859375,1925.5999755859375,46
2022-03-22 06:07:00-04:00,1925.5999755859375,1929.199951171875,1925.5999755859375,1928.0,1928.0,1182
2022-03-22 06:08:00-04:00,1928.0999755859375,1928.0999755859375,1926.4000244140625,1927.5,1927.5,202
2022-03-22 06:09:00-04:00,1927.4000244140625,1928.0,1926.9000244140625,1927.800048828125,1927.800048828125,77
2022-03-22 06:10:00-04:00,1927.699951171875,1928.9000244140625,1927.699951171875,1928.300048828125,1928.300048828125,150
2022-03-22 06:11:00-04:00,1928.300048828125,1928.4000244140625,1927.5999755859375,1928.0,1928.0,66
2022-03-22 06:12:00-04:00,1927.9000244140625,1928.4000244140625,1927.5999755859375,1927.800048828125,1927.800048828125,30
2022-03-22 06:13:00-04:00,1927.800048828125,1928.5999755859375,1927.800048828125,1928.300048828125,1928.300048828125,65
2022-03-22 06:14:00-04:00,1928.300048828125,1928.300048828125,1928.0999755859375,1928.0999755859375,1928.0999755859375,81
2022-03-22 06:15:00-04:00,1928.0999755859375,1928.699951171875,1928.0,1928.0999755859375,1928.0999755859375,80
2022-03-22 06:16:00-04:00,1927.800048828125,1927.9000244140625,1927.5999755859375,1927.9000244140625,1927.9000244140625,60
2022-03-22 06:17:00-04:00,1928.0,1928.4000244140625,1927.699951171875,1928.0999755859375,1928.0999755859375,40
2022-03-22 06:18:00-04:00,1928.4000244140625,1928.4000244140625,1928.0,1928.0999755859375,1928.0999755859375,23
2022-03-22 06:19:00-04:00,1928.199951171875,1928.5999755859375,1928.0999755859375,1928.5,1928.5,67
2022-03-22 06:20:00-04:00,1928.5999755859375,1928.800048828125,1928.0999755859375,1928.5999755859375,1928.5999755859375,88
2022-03-22 06:21:00-04:00,1928.300048828125,1928.5999755859375,1928.0999755859375,1928.5,1928.5,46
2022-03-22 06:22:00-04:00,1928.300048828125,1929.0,1928.199951171875,1928.5999755859375,1928.5999755859375,64
2022-03-22 06:23:00-04:00,1928.5999755859375,1929.0,1928.5,1928.699951171875,1928.699951171875,38
2022-03-22 06:24:00-04:00,1928.9000244140625,1928.9000244140625,1928.199951171875,1928.199951171875,1928.199951171875,23
2022-03-22 06:25:00-04:00,1928.0999755859375,1928.0999755859375,1927.300048828125,1927.800048828125,1927.800048828125,100
2022-03-22 06:26:00-04:00,1928.0,1928.300048828125,1926.9000244140625,1928.0,1928.0,131
2022-03-22 06:27:00-04:00,1928.0999755859375,1928.5999755859375,1928.0,1928.5999755859375,1928.5999755859375,24
2022-03-22 06:28:00-04:00,1928.699951171875,1928.800048828125,1928.5999755859375,1928.800048828125,1928.800048828125,20
2022-03-22 06:29:00-04:00,1928.800048828125,1929.0999755859375,1928.5,1928.800048828125,1928.800048828125,53
2022-03-22 06:30:00-04:00,1928.800048828125,1929.0,1926.9000244140625,1928.4000244140625,1928.4000244140625,446
2022-03-22 06:31:00-04:00,1928.4000244140625,1929.9000244140625,1928.300048828125,1929.800048828125,1929.800048828125,210
2022-03-22 06:32:00-04:00,1929.800048828125,1930.5999755859375,1929.300048828125,1930.0,1930.0,317
2022-03-22 06:33:00-04:00,1930.0,1930.0999755859375,1928.699951171875,1928.9000244140625,1928.9000244140625,126
2022-03-22 06:34:00-04:00,1929.0,1929.300048828125,1928.699951171875,1929.0,1929.0,117
2022-03-22 06:35:00-04:00,1929.0,1929.4000244140625,1928.800048828125,1929.0,1929.0,36
2022-03-22 06:36:00-04:00,1928.9000244140625,1929.0,1928.699951171875,1929.0,1929.0,29
2022-03-22 06:37:00-04:00,1929.199951171875,1929.300048828125,1928.800048828125,1928.9000244140625,1928.9000244140625,41
2022-03-22 06:38:00-04:00,1928.699951171875,1928.699951171875,1928.4000244140625,1928.4000244140625,1928.4000244140625,41
2022-03-22 06:39:00-04:00,1928.4000244140625,1928.699951171875,1927.800048828125,1928.5,1928.5,328
2022-03-22 06:40:00-04:00,1928.199951171875,1928.699951171875,1928.199951171875,1928.5,1928.5,272
2022-03-22 06:41:00-04:00,1928.4000244140625,1928.5,1928.0999755859375,1928.0999755859375,1928.0999755859375,15
2022-03-22 06:42:00-04:00,1928.199951171875,1928.300048828125,1927.9000244140625,1928.0999755859375,1928.0999755859375,31
2022-03-22 06:43:00-04:00,1928.0999755859375,1928.0999755859375,1927.800048828125,1927.800048828125,1927.800048828125,508
2022-03-22 06:44:00-04:00,1927.9000244140625,1927.9000244140625,1927.5,1927.800048828125,1927.800048828125,74
2022-03-22 06:45:00-04:00,1927.5999755859375,1928.0999755859375,1927.4000244140625,1928.0999755859375,1928.0999755859375,34
2022-03-22 06:46:00-04:00,1928.0999755859375,1928.0999755859375,1928.0999755859375,1928.0999755859375,1928.0999755859375,7
2022-03-22 06:47:00-04:00,1928.0,1928.4000244140625,1928.0,1928.300048828125,1928.300048828125,18
2022-03-22 06:48:00-04:00,1928.4000244140625,1928.5999755859375,1928.0,1928.5,1928.5,37
2022-03-22 06:49:00-04:00,1928.300048828125,1928.4000244140625,1927.699951171875,1928.199951171875,1928.199951171875,50
2022-03-22 06:50:00-04:00,1928.4000244140625,1928.4000244140625,1927.699951171875,1927.9000244140625,1927.9000244140625,25
2022-03-22 06:51:00-04:00,1927.9000244140625,1928.9000244140625,1927.5999755859375,1928.9000244140625,1928.9000244140625,117
2022-03-22 06:52:00-04:00,1928.9000244140625,1928.9000244140625,1928.5999755859375,1928.5999755859375,1928.5999755859375,16
2022-03-22 06:53:00-04:00,1928.5,1928.5,1928.0999755859375,1928.0999755859375,1928.0999755859375,135
2022-03-22 06:54:00-04:00,1928.4000244140625,1928.5999755859375,1927.9000244140625,1928.300048828125,1928.300048828125,126
2022-03-22 06:55:00-04:00,1928.199951171875,1928.4000244140625,1927.9000244140625,1928.0999755859375,1928.0999755859375,33
2022-03-22 06:56:00-04:00,1928.0999755859375,1929.0,1928.0999755859375,1929.0,1929.0,96
2022-03-22 06:57:00-04:00,1928.9000244140625,1929.9000244140625,1928.0,1928.0,1928.0,264
2022-03-22 06:58:00-04:00,1928.0,1928.5,1927.4000244140625,1927.4000244140625,1927.4000244140625,160
2022-03-22 06:59:00-04:00,1927.5999755859375,1928.0,1927.5,1927.5,1927.5,122
2022-03-22 07:00:00-04:00,1927.5,1928.699951171875,1927.4000244140625,1928.5999755859375,1928.5999755859375,122
2022-03-22 07:01:00-04:00,1928.4000244140625,1928.5999755859375,1927.9000244140625,1928.0,1928.0,72
2022-03-22 07:02:00-04:00,1928.199951171875,1928.800048828125,1928.199951171875,1928.5,1928.5,56
2022-03-22 07:03:00-04:00,1928.4000244140625,1929.0999755859375,1928.4000244140625,1928.699951171875,1928.699951171875,43
2022-03-22 07:04:00-04:00,1928.9000244140625,1929.4000244140625,1928.5,1928.9000244140625,1928.9000244140625,85
2022-03-22 07:05:00-04:00,1929.0,1929.0,1928.300048828125,1928.5999755859375,1928.5999755859375,59
2022-03-22 07:06:00-04:00,1928.4000244140625,1929.0999755859375,1928.300048828125,1928.699951171875,1928.699951171875,35
2022-03-22 07:07:00-04:00,1928.5999755859375,1929.0999755859375,1928.5999755859375,1928.800048828125,1928.800048828125,21
2022-03-22 07:08:00-04:00,1928.699951171875,1929.0999755859375,1928.5999755859375,1929.0999755859375,1929.0999755859375,17
2022-03-22 07:09:00-04:00,1929.0999755859375,1929.199951171875,1928.800048828125,1928.800048828125,1928.800048828125,19
2022-03-22 07:10:00-04:00,1929.199951171875,1929.300048828125,1928.800048828125,1928.800048828125,1928.800048828125,16
2022-03-22 07:11:00-04:00,1929.0,1929.5,1929.0,1929.5,1929.5,32
2022-03-22 07:12:00-04:00,1929.300048828125,1929.5999755859375,1929.0999755859375,1929.5,1929.5,41
2022-03-22 07:13:00-04:00,1929.5999755859375,1929.800048828125,1929.4000244140625,1929.699951171875,1929.699951171875,108
2022-03-22 07:14:00-04:00,1929.5999755859375,1929.699951171875,1929.4000244140625,1929.5,1929.5,41
2022-03-22 07:15:00-04:00,1929.5,1929.5,1928.9000244140625,1929.0999755859375,1929.0999755859375,54
2022-03-22 07:16:00-04:00,1928.699951171875,1928.9000244140625,1928.5,1928.699951171875,1928.699951171875,69
2022-03-22 07:17:00-04:00,1928.800048828125,1929.300048828125,1928.800048828125,1929.0,1929.0,32
2022-03-22 07:18:00-04:00,1929.199951171875,1929.9000244140625,1929.199951171875,1929.800048828125,1929.800048828125,73
2022-03-22 07:19:00-04:00,1929.800048828125,1930.199951171875,1929.4000244140625,1929.4000244140625,1929.4000244140625,126
2022-03-22 07:20:00-04:00,1929.300048828125,1929.5999755859375,1929.0999755859375,1929.0999755859375,1929.0999755859375,44
2022-03-22 07:21:00-04:00,1928.800048828125,1929.199951171875,1928.800048828125,1929.199951171875,1929.199951171875,15
2022-03-22 07:22:00-04:00,1929.300048828125,1929.699951171875,1929.199951171875,1929.5999755859375,1929.5999755859375,52
2022-03-22 07:23:00-04:00,1929.5,1929.699951171875,1928.5999755859375,1928.5999755859375,1928.5999755859375,71
2022-03-22 07:24:00-04:00,1928.5,1928.9000244140625,1928.5,1928.800048828125,1928.800048828125,40
2022-03-22 07:25:00-04:00,1928.699951171875,1929.199951171875,1928.699951171875,1929.199951171875,1929.199951171875,59
2022-03-22 07:26:00-04:00,1929.199951171875,1929.199951171875,1928.699951171875,1929.199951171875,1929.199951171875,28
2022-03-22 07:27:00-04:00,1929.199951171875,1929.4000244140625,1928.699951171875,1928.699951171875,1928.699951171875,22
2022-03-22 07:28:00-04:00,1928.699951171875,1928.9000244140625,1928.699951171875,1928.9000244140625,1928.9000244140625,5
2022-03-22 07:29:00-04:00,1928.800048828125,1929.0,1928.0999755859375,1928.300048828125,1928.300048828125,93
2022-03-22 07:30:00-04:00,1928.300048828125,1928.4000244140625,1927.699951171875,1928.0,1928.0,43
2022-03-22 07:31:00-04:00,1928.0,1928.0,1927.4000244140625,1927.5999755859375,1927.5999755859375,97
2022-03-22 07:32:00-04:00,1927.699951171875,1928.0,1927.5999755859375,1928.0,1928.0,45
2022-03-22 07:33:00-04:00,1928.199951171875,1928.4000244140625,1927.699951171875,1927.9000244140625,1927.9000244140625,83
2022-03-22 07:34:00-04:00,1927.699951171875,1927.699951171875,1926.9000244140625,1927.300048828125,1927.300048828125,90
2022-03-22 07:35:00-04:00,1927.300048828125,1927.699951171875,1927.0,1927.4000244140625,1927.4000244140625,150
2022-03-22 07:36:00-04:00,1927.199951171875,1927.5,1927.0,1927.5,1927.5,65
2022-03-22 07:37:00-04:00,1927.5999755859375,1927.9000244140625,1927.199951171875,1927.5999755859375,1927.5999755859375,126
2022-03-22 07:38:00-04:00,1927.9000244140625,1928.9000244140625,1927.5999755859375,1927.5999755859375,1927.5999755859375,338
2022-03-22 07:39:00-04:00,1927.4000244140625,1928.300048828125,1927.300048828125,1928.0,1928.0,66
2022-03-22 07:40:00-04:00,1927.9000244140625,1928.0,1927.0,1927.300048828125,1927.300048828125,48
2022-03-22 07:41:00-04:00,1927.4000244140625,1927.699951171875,1926.9000244140625,1927.300048828125,1927.300048828125,90
2022-03-22 07:42:00-04:00,1927.300048828125,1927.5,1926.699951171875,1927.0999755859375,1927.0999755859375,67
2022-03-22 07:43:00-04:00,1926.9000244140625,1926.9000244140625,1926.5999755859375,1926.5999755859375,1926.5999755859375,43
2022-03-22 07:44:00-04:00,1926.699951171875,1926.699951171875,1925.4000244140625,1925.5,1925.5,273
2022-03-22 07:45:00-04:00,1925.800048828125,1926.0999755859375,1925.199951171875,1926.0999755859375,1926.0999755859375,153
2022-03-22 07:46:00-04:00,1926.0,1926.5,1925.9000244140625,1926.4000244140625,1926.4000244140625,124
2022-03-22 07:47:00-04:00,1926.5999755859375,1927.0,1926.0,1926.800048828125,1926.800048828125,61
2022-03-22 07:48:00-04:00,1926.9000244140625,1927.5,1926.800048828125,1927.300048828125,1927.300048828125,94
2022-03-22 07:49:00-04:00,1927.4000244140625,1927.4000244140625,1926.9000244140625,1927.300048828125,1927.300048828125,57
2022-03-22 07:50:00-04:00,1927.300048828125,1927.4000244140625,1927.0,1927.199951171875,1927.199951171875,82
2022-03-22 07:51:00-04:00,1927.4000244140625,1927.800048828125,1927.0,1927.699951171875,1927.699951171875,80
2022-03-22 07:52:00-04:00,1927.699951171875,1927.699951171875,1927.4000244140625,1927.5,1927.5,22
2022-03-22 07:53:00-04:00,1927.300048828125,1927.5999755859375,1927.0999755859375,1927.5999755859375,1927.5999755859375,16
2022-03-22 07:54:00-04:00,1927.5,1928.0,1927.300048828125,1927.5999755859375,1927.5999755859375,54
2022-03-22 07:55:00-04:00,1927.699951171875,1927.800048828125,1927.4000244140625,1927.5,1927.5,62
2022-03-22 07:56:00-04:00,1927.300048828125,1927.699951171875,1927.199951171875,1927.699951171875,1927.699951171875,23
2022-03-22 07:57:00-04:00,1927.5999755859375,1927.699951171875,1927.4000244140625,1927.4000244140625,1927.4000244140625,24
2022-03-22 07:58:00-04:00,1927.5,1928.199951171875,1927.5,1928.199951171875,1928.199951171875,19
2022-03-22 07:59:00-04:00,1928.199951171875,1928.199951171875,1927.5999755859375,1928.0999755859375,1928.0999755859375,34
2022-03-22 08:00:00-04:00,1927.699951171875,1928.0,1927.699951171875,1928.0,1928.0,21
2022-03-22 08:01:00-04:00,1927.800048828125,1927.800048828125,1927.199951171875,1927.5999755859375,1927.5999755859375,103
2022-03-22 08:02:00-04:00,1927.699951171875,1927.9000244140625,1927.4000244140625,1927.9000244140625,1927.9000244140625,41
2022-03-22 08:03:00-04:00,1927.9000244140625,1928.0999755859375,1927.699951171875,1927.800048828125,1927.800048828125,24
2022-03-22 08:04:00-04:00,1927.699951171875,1927.699951171875,1927.300048828125,1927.5,1927.5,36
2022-03-22 08:05:00-04:00,1927.5999755859375,1928.0,1927.5,1927.800048828125,1927.800048828125,29
2022-03-22 08:06:00-04:00,1927.800048828125,1927.9000244140625,1927.5999755859375,1927.699951171875,1927.699951171875,16
2022-03-22 08:07:00-04:00,1927.9000244140625,1928.0,1927.5999755859375,1927.5999755859375,1927.5999755859375,21
2022-03-22 08:08:00-04:00,1927.699951171875,1927.699951171875,1927.300048828125,1927.300048828125,1927.300048828125,37
2022-03-22 08:09:00-04:00,1927.199951171875,1927.4000244140625,1926.9000244140625,1927.4000244140625,1927.4000244140625,80
2022-03-22 08:10:00-04:00,1927.300048828125,1927.5999755859375,1927.0999755859375,1927.300048828125,1927.300048828125,30
2022-03-22 08:11:00-04:00,1927.199951171875,1927.5999755859375,1927.0999755859375,1927.0999755859375,1927.0999755859375,42
2022-03-22 08:12:00-04:00,1927.0,1927.199951171875,1926.5999755859375,1926.9000244140625,1926.9000244140625,208
2022-03-22 08:13:00-04:00,1926.9000244140625,1927.4000244140625,1926.9000244140625,1927.0,1927.0,60
2022-03-22 08:14:00-04:00,1926.800048828125,1927.4000244140625,1926.5999755859375,1927.0,1927.0,52
2022-03-22 08:15:00-04:00,1927.199951171875,1927.5,1927.0,1927.5,1927.5,50
2022-03-22 08:16:00-04:00,1927.5,1927.800048828125,1927.4000244140625,1927.699951171875,1927.699951171875,25
2022-03-22 08:17:00-04:00,1927.800048828125,1928.0999755859375,1927.5999755859375,1928.0,1928.0,97
2022-03-22 08:18:00-04:00,1928.0999755859375,1928.0999755859375,1927.5999755859375,1927.699951171875,1927.699951171875,132
2022-03-22 08:19:00-04:00,1927.5999755859375,1927.699951171875,1926.699951171875,1927.199951171875,1927.199951171875,92
2022-03-22 08:20:00-04:00,1927.0999755859375,1927.5,1926.5,1927.5,1927.5,954
2022-03-22 08:21:00-04:00,1927.199951171875,1927.199951171875,1925.5,1925.5999755859375,1925.5999755859375,201
2022-03-22 08:22:00-04:00,1925.5,1925.5999755859375,1923.300048828125,1924.0999755859375,1924.0999755859375,508
2022-03-22 08:23:00-04:00,1924.0999755859375,1924.5,1923.9000244140625,1924.0999755859375,1924.0999755859375,247
2022-03-22 08:24:00-04:00,1924.199951171875,1926.300048828125,1923.9000244140625,1925.699951171875,1925.699951171875,381
2022-03-22 08:25:00-04:00,1925.800048828125,1925.9000244140625,1924.0,1924.5,1924.5,303
2022-03-22 08:26:00-04:00,1924.4000244140625,1925.5999755859375,1924.300048828125,1925.199951171875,1925.199951171875,98
2022-03-22 08:27:00-04:00,1925.0,1925.5,1924.800048828125,1925.300048828125,1925.300048828125,84
2022-03-22 08:28:00-04:00,1925.300048828125,1927.0,1925.199951171875,1926.9000244140625,1926.9000244140625,180
2022-03-22 08:29:00-04:00,1926.9000244140625,1927.699951171875,1926.300048828125,1927.5,1927.5,192
2022-03-22 08:30:00-04:00,1927.4000244140625,1928.0,1926.9000244140625,1927.5999755859375,1927.5999755859375,272
2022-03-22 08:31:00-04:00,1927.800048828125,1929.4000244140625,1927.5,1927.5,1927.5,410
2022-03-22 08:32:00-04:00,1927.5999755859375,1927.9000244140625,1927.199951171875,1927.5999755859375,1927.5999755859375,105
2022-03-22 08:33:00-04:00,1927.699951171875,1927.699951171875,1925.800048828125,1925.800048828125,1925.800048828125,364
2022-03-22 08:34:00-04:00,1925.800048828125,1926.0999755859375,1925.300048828125,1925.5,1925.5,294
2022-03-22 08:35:00-04:00,1925.5,1927.0999755859375,1925.5,1927.0999755859375,1927.0999755859375,126
2022-03-22 08:36:00-04:00,1926.9000244140625,1927.5,1926.4000244140625,1926.5,1926.5,178
2022-03-22 08:37:00-04:00,1926.4000244140625,1926.5,1925.5,1925.5,1925.5,226
2022-03-22 08:38:00-04:00,1925.5,1926.199951171875,1925.4000244140625,1926.0,1926.0,61
2022-03-22 08:39:00-04:00,1925.9000244140625,1925.9000244140625,1925.300048828125,1925.5999755859375,1925.5999755859375,215
2022-03-22 08:40:00-04:00,1925.5999755859375,1926.199951171875,1925.199951171875,1926.0999755859375,1926.0999755859375,193
2022-03-22 08:41:00-04:00,1926.199951171875,1926.5,1926.0,1926.300048828125,1926.300048828125,88
2022-03-22 08:42:00-04:00,1926.199951171875,1926.699951171875,1926.199951171875,1926.300048828125,1926.300048828125,69
2022-03-22 08:43:00-04:00,1926.300048828125,1926.4000244140625,1926.0,1926.199951171875,1926.199951171875,52
2022-03-22 08:44:00-04:00,1926.199951171875,1928.0999755859375,1926.0999755859375,1928.0999755859375,1928.0999755859375,619
2022-03-22 08:45:00-04:00,1928.0999755859375,1928.800048828125,1927.5999755859375,1928.0,1928.0,305
2022-03-22 08:46:00-04:00,1928.0,1928.5999755859375,1927.800048828125,1928.5999755859375,1928.5999755859375,100
2022-03-22 08:47:00-04:00,1928.5,1929.800048828125,1928.5,1929.5,1929.5,271
2022-03-22 08:48:00-04:00,1929.699951171875,1930.199951171875,1929.0,1929.300048828125,1929.300048828125,242
2022-03-22 08:49:00-04:00,1929.199951171875,1931.0,1929.199951171875,1930.5,1930.5,268
2022-03-22 08:50:00-04:00,1930.5999755859375,1931.199951171875,1929.5,1929.699951171875,1929.699951171875,145
2022-03-22 08:51:00-04:00,1929.9000244140625,1930.199951171875,1929.199951171875,1929.300048828125,1929.300048828125,115
2022-03-22 08:52:00-04:00,1929.300048828125,1929.4000244140625,1928.699951171875,1929.0,1929.0,105
2022-03-22 08:53:00-04:00,1928.800048828125,1929.5,1927.800048828125,1928.0999755859375,1928.0999755859375,387
2022-03-22 08:54:00-04:00,1928.199951171875,1929.300048828125,1928.0,1928.800048828125,1928.800048828125,171
2022-03-22 08:55:00-04:00,1928.800048828125,1930.5999755859375,1928.5,1930.300048828125,1930.300048828125,293
2022-03-22 08:56:00-04:00,1930.300048828125,1930.699951171875,1929.199951171875,1929.4000244140625,1929.4000244140625,223
2022-03-22 08:57:00-04:00,1929.5,1929.5,1928.800048828125,1928.800048828125,1928.800048828125,95
2022-03-22 08:58:00-04:00,1928.699951171875,1929.5,1928.0,1929.199951171875,1929.199951171875,135
2022-03-22 08:59:00-04:00,1929.0,1929.199951171875,1927.5999755859375,1928.0,1928.0,293
2022-03-22 09:00:00-04:00,1928.199951171875,1928.199951171875,1927.5,1927.699951171875,1927.699951171875,200
2022-03-22 09:01:00-04:00,1927.699951171875,1927.800048828125,1926.300048828125,1926.800048828125,1926.800048828125,227
2022-03-22 09:02:00-04:00,1926.800048828125,1926.800048828125,1925.699951171875,1926.4000244140625,1926.4000244140625,154
2022-03-22 09:03:00-04:00,1926.5999755859375,1927.300048828125,1926.5,1926.699951171875,1926.699951171875,180
2022-03-22 09:04:00-04:00,1926.800048828125,1927.0,1925.4000244140625,1925.699951171875,1925.699951171875,173
2022-03-22 09:05:00-04:00,1925.4000244140625,1925.9000244140625,1925.4000244140625,1925.699951171875,1925.699951171875,36
2022-03-22 09:06:00-04:00,1925.0999755859375,1926.199951171875,1924.0999755859375,1926.0,1926.0,435
2022-03-22 09:07:00-04:00,1926.0,1926.800048828125,1925.9000244140625,1926.5999755859375,1926.5999755859375,177
2022-03-22 09:08:00-04:00,1926.5999755859375,1927.199951171875,1926.199951171875,1926.699951171875,1926.699951171875,216
2022-03-22 09:09:00-04:00,1927.0,1927.199951171875,1926.0,1926.300048828125,1926.300048828125,207
2022-03-22 09:10:00-04:00,1926.199951171875,1926.300048828125,1924.0,1925.0999755859375,1925.0999755859375,469
2022-03-22 09:11:00-04:00,1924.9000244140625,1925.699951171875,1924.5,1925.300048828125,1925.300048828125,169
2022-03-22 09:12:00-04:00,1925.0999755859375,1926.0,1924.9000244140625,1925.699951171875,1925.699951171875,74
2022-03-22 09:13:00-04:00,1925.699951171875,1925.800048828125,1925.0,1925.4000244140625,1925.4000244140625,59
2022-03-22 09:14:00-04:00,1925.5,1926.199951171875,1925.300048828125,1926.199951171875,1926.199951171875,49
2022-03-22 09:15:00-04:00,1926.0999755859375,1926.5999755859375,1926.0,1926.4000244140625,1926.4000244140625,124
2022-03-22 09:16:00-04:00,1926.4000244140625,1926.5,1925.699951171875,1926.0999755859375,1926.0999755859375,70
2022-03-22 09:17:00-04:00,1926.0999755859375,1926.4000244140625,1926.0,1926.300048828125,1926.300048828125,264
2022-03-22 09:18:00-04:00,1926.4000244140625,1927.0,1926.199951171875,1926.9000244140625,1926.9000244140625,1339
2022-03-22 09:19:00-04:00,1926.800048828125,1926.9000244140625,1925.9000244140625,1926.0,1926.0,187
2022-03-22 09:20:00-04:00,1925.9000244140625,1926.199951171875,1925.5,1926.0999755859375,1926.0999755859375,91
2022-03-22 09:21:00-04:00,1926.0,1926.0999755859375,1925.199951171875,1925.199951171875,1925.199951171875,413
2022-03-22 09:22:00-04:00,1925.199951171875,1925.699951171875,1925.0999755859375,1925.5,1925.5,203
2022-03-22 09:23:00-04:00,1925.5,1925.699951171875,1925.199951171875,1925.4000244140625,1925.4000244140625,90
2022-03-22 09:24:00-04:00,1925.5,1926.300048828125,1925.5,1925.699951171875,1925.699951171875,134
2022-03-22 09:25:00-04:00,1925.699951171875,1926.199951171875,1925.4000244140625,1925.5,1925.5,98
2022-03-22 09:26:00-04:00,1925.300048828125,1925.5999755859375,1924.9000244140625,1925.5,1925.5,105
2022-03-22 09:27:00-04:00,1925.5999755859375,1926.5,1925.4000244140625,1925.5,1925.5,114
2022-03-22 09:28:00-04:00,1925.699951171875,1925.800048828125,1924.699951171875,1924.9000244140625,1924.9000244140625,126
2022-03-22 09:29:00-04:00,1925.0,1925.4000244140625,1924.0,1924.0,1924.0,189
2022-03-22 09:30:00-04:00,1924.300048828125,1925.4000244140625,1923.9000244140625,1923.9000244140625,1923.9000244140625,976
2022-03-22 09:31:00-04:00,1924.0,1924.4000244140625,1922.5,1923.800048828125,1923.800048828125,615
2022-03-22 09:32:00-04:00,1923.699951171875,1924.699951171875,1923.300048828125,1924.5999755859375,1924.5999755859375,181
2022-03-22 09:33:00-04:00,1924.699951171875,1924.699951171875,1922.4000244140625,1923.0999755859375,1923.0999755859375,326
2022-03-22 09:34:00-04:00,1923.0999755859375,1923.199951171875,1920.699951171875,1922.5,1922.5,1098
2022-03-22 09:35:00-04:00,1922.4000244140625,1924.4000244140625,1922.0999755859375,1924.0,1924.0,344
2022-03-22 09:36:00-04:00,1923.9000244140625,1924.800048828125,1923.800048828125,1924.4000244140625,1924.4000244140625,240
2022-03-22 09:37:00-04:00,1924.5999755859375,1924.5999755859375,1923.0,1923.5,1923.5,321
2022-03-22 09:38:00-04:00,1923.699951171875,1924.0,1921.800048828125,1922.4000244140625,1922.4000244140625,386
2022-03-22 09:39:00-04:00,1922.4000244140625,1923.5999755859375,1921.800048828125,1922.800048828125,1922.800048828125,366
2022-03-22 09:40:00-04:00,1922.9000244140625,1925.300048828125,1922.699951171875,1924.800048828125,1924.800048828125,421
2022-03-22 09:41:00-04:00,1924.9000244140625,1925.300048828125,1924.4000244140625,1924.4000244140625,1924.4000244140625,144
2022-03-22 09:42:00-04:00,1924.300048828125,1924.300048828125,1922.800048828125,1923.300048828125,1923.300048828125,512
2022-03-22 09:43:00-04:00,1923.199951171875,1923.800048828125,1923.0,1923.5999755859375,1923.5999755859375,159
2022-03-22 09:44:00-04:00,1923.699951171875,1923.699951171875,1921.199951171875,1921.5,1921.5,324
2022-03-22 09:45:00-04:00,1921.4000244140625,1921.5,1919.300048828125,1919.800048828125,1919.800048828125,1091
2022-03-22 09:46:00-04:00,1919.800048828125,1922.0,1919.4000244140625,1921.300048828125,1921.300048828125,497
2022-03-22 09:47:00-04:00,1921.199951171875,1923.5999755859375,1921.199951171875,1923.5999755859375,1923.5999755859375,502
2022-03-22 09:48:00-04:00,1923.5999755859375,1923.9000244140625,1922.9000244140625,1923.800048828125,1923.800048828125,754
2022-03-22 09:49:00-04:00,1923.5999755859375,1923.5999755859375,1922.9000244140625,1923.199951171875,1923.199951171875,159
2022-03-22 09:50:00-04:00,1923.0,1924.800048828125,1922.9000244140625,1924.0999755859375,1924.0999755859375,277
2022-03-22 09:51:00-04:00,1924.0999755859375,1924.4000244140625,1923.4000244140625,1924.300048828125,1924.300048828125,309
2022-03-22 09:52:00-04:00,1924.199951171875,1924.699951171875,1923.699951171875,1924.0,1924.0,580
2022-03-22 09:53:00-04:00,1923.9000244140625,1924.5999755859375,1923.5,1923.9000244140625,1923.9000244140625,258
2022-03-22 09:54:00-04:00,1923.9000244140625,1924.0,1923.4000244140625,1924.0,1924.0,177
2022-03-22 09:55:00-04:00,1923.800048828125,1924.300048828125,1923.4000244140625,1923.9000244140625,1923.9000244140625,157
2022-03-22 09:56:00-04:00,1923.699951171875,1924.0,1922.699951171875,1923.0,1923.0,198
2022-03-22 09:57:00-04:00,1922.9000244140625,1923.5,1922.199951171875,1923.4000244140625,1923.4000244140625,287
2022-03-22 09:58:00-04:00,1923.5,1924.0,1922.699951171875,1923.800048828125,1923.800048828125,139
2022-03-22 09:59:00-04:00,1923.699951171875,1924.300048828125,1922.800048828125,1923.5,1923.5,117
2022-03-22 10:00:00-04:00,1923.5,1923.9000244140625,1921.699951171875,1921.699951171875,1921.699951171875,179
2022-03-22 10:01:00-04:00,1921.9000244140625,1922.699951171875,1921.699951171875,1922.199951171875,1922.199951171875,123
2022-03-22 10:02:00-04:00,1922.0999755859375,1922.0999755859375,1920.800048828125,1921.199951171875,1921.199951171875,351
2022-03-22 10:03:00-04:00,1921.199951171875,1921.300048828125,1918.5999755859375,1919.300048828125,1919.300048828125,972
2022-03-22 10:04:00-04:00,1919.300048828125,1919.5,1913.9000244140625,1915.300048828125,1915.300048828125,2442
2022-03-22 10:05:00-04:00,1915.199951171875,1916.199951171875,1913.0,1914.0,1914.0,2230
2022-03-22 10:06:00-04:00,1913.800048828125,1914.4000244140625,1909.800048828125,1913.199951171875,1913.199951171875,2696
2022-03-22 10:07:00-04:00,1913.0999755859375,1914.5,1912.300048828125,1913.5,1913.5,864
2022-03-22 10:08:00-04:00,1913.5999755859375,1915.4000244140625,1913.300048828125,1913.5999755859375,1913.5999755859375,646
2022-03-22 10:09:00-04:00,1913.5,1913.9000244140625,1912.0999755859375,1913.5999755859375,1913.5999755859375,598
2022-03-22 10:10:00-04:00,1913.699951171875,1914.699951171875,1913.0,1913.9000244140625,1913.9000244140625,506
2022-03-22 10:11:00-04:00,1913.800048828125,1915.199951171875,1913.800048828125,1914.800048828125,1914.800048828125,380
2022-03-22 10:12:00-04:00,1914.800048828125,1915.699951171875,1913.9000244140625,1915.0,1915.0,446
2022-03-22 10:13:00-04:00,1914.800048828125,1915.300048828125,1914.0,1914.0999755859375,1914.0999755859375,502
2022-03-22 10:14:00-04:00,1914.0,1914.0999755859375,1913.199951171875,1913.5,1913.5,317
2022-03-22 10:15:00-04:00,1913.5999755859375,1914.300048828125,1912.9000244140625,1913.5999755859375,1913.5999755859375,906
2022-03-22 10:16:00-04:00,1913.9000244140625,1914.199951171875,1912.699951171875,1913.199951171875,1913.199951171875,208
2022-03-22 10:17:00-04:00,1913.0999755859375,1914.5999755859375,1913.0,1914.300048828125,1914.300048828125,266
2022-03-22 10:18:00-04:00,1914.5,1914.699951171875,1913.5,1913.699951171875,1913.699951171875,570
2022-03-22 10:19:00-04:00,1913.5999755859375,1914.199951171875,1913.199951171875,1913.9000244140625,1913.9000244140625,780
2022-03-22 10:20:00-04:00,1913.9000244140625,1914.699951171875,1913.5,1914.0999755859375,1914.0999755859375,378
2022-03-22 10:21:00-04:00,1914.199951171875,1915.699951171875,1914.0999755859375,1915.0,1915.0,1389
2022-03-22 10:22:00-04:00,1914.800048828125,1915.699951171875,1914.0,1914.0999755859375,1914.0999755859375,3458
2022-03-22 10:23:00-04:00,1914.0,1914.9000244140625,1914.0,1914.9000244140625,1914.9000244140625,125
2022-03-22 10:24:00-04:00,1914.699951171875,1914.699951171875,1913.5,1914.0999755859375,1914.0999755859375,718
2022-03-22 10:25:00-04:00,1914.199951171875,1914.199951171875,1913.5999755859375,1913.9000244140625,1913.9000244140625,197
2022-03-22 10:26:00-04:00,1913.9000244140625,1915.199951171875,1913.800048828125,1914.699951171875,1914.699951171875,255
2022-03-22 10:27:00-04:00,1914.699951171875,1914.800048828125,1913.5999755859375,1913.800048828125,1913.800048828125,225
2022-03-22 10:28:00-04:00,1913.800048828125,1914.300048828125,1913.300048828125,1914.199951171875,1914.199951171875,103
2022-03-22 10:29:00-04:00,1914.199951171875,1914.5,1912.800048828125,1913.0999755859375,1913.0999755859375,317
2022-03-22 10:30:00-04:00,1912.9000244140625,1914.4000244140625,1912.5,1914.0999755859375,1914.0999755859375,682
2022-03-22 10:31:00-04:00,1913.9000244140625,1914.0,1913.0999755859375,1913.199951171875,1913.199951171875,159
2022-03-22 10:32:00-04:00,1913.0999755859375,1913.5999755859375,1912.699951171875,1913.5,1913.5,138
2022-03-22 10:33:00-04:00,1913.5999755859375,1914.199951171875,1913.300048828125,1913.4000244140625,1913.4000244140625,300
2022-03-22 10:34:00-04:00,1913.4000244140625,1913.9000244140625,1913.300048828125,1913.9000244140625,1913.9000244140625,195
2022-03-22 10:35:00-04:00,1914.0,1914.699951171875,1913.5,1913.5999755859375,1913.5999755859375,347
2022-03-22 10:36:00-04:00,1913.5999755859375,1913.5999755859375,1913.0,1913.0,1913.0,199
2022-03-22 10:37:00-04:00,1913.0,1914.0999755859375,1912.9000244140625,1913.5,1913.5,176
2022-03-22 10:38:00-04:00,1913.4000244140625,1915.0999755859375,1913.300048828125,1914.800048828125,1914.800048828125,247
2022-03-22 10:39:00-04:00,1914.5999755859375,1914.5999755859375,1913.300048828125,1913.300048828125,1913.300048828125,148
2022-03-22 10:40:00-04:00,1913.199951171875,1914.0999755859375,1913.0999755859375,1913.800048828125,1913.800048828125,181
2022-03-22 10:41:00-04:00,1913.699951171875,1914.199951171875,1913.699951171875,1914.0,1914.0,143
2022-03-22 10:42:00-04:00,1914.0,1914.0999755859375,1913.5,1914.0,1914.0,149
2022-03-22 10:43:00-04:00,1913.9000244140625,1914.199951171875,1913.0,1913.4000244140625,1913.4000244140625,115
2022-03-22 10:44:00-04:00,1913.4000244140625,1913.800048828125,1912.5999755859375,1912.5999755859375,1912.5999755859375,248
2022-03-22 10:45:00-04:00,1912.699951171875,1913.699951171875,1912.699951171875,1913.5999755859375,1913.5999755859375,236
2022-03-22 10:46:00-04:00,1913.5999755859375,1914.800048828125,1913.5,1914.5999755859375,1914.5999755859375,178
2022-03-22 10:47:00-04:00,1914.5999755859375,1915.199951171875,1914.199951171875,1914.199951171875,1914.199951171875,278
2022-03-22 10:48:00-04:00,1914.199951171875,1914.699951171875,1913.9000244140625,1914.0999755859375,1914.0999755859375,132
2022-03-22 10:49:00-04:00,1914.0,1914.300048828125,1913.699951171875,1914.0,1914.0,140
2022-03-22 10:50:00-04:00,1914.199951171875,1915.0999755859375,1914.0999755859375,1915.0,1915.0,173
2022-03-22 10:51:00-04:00,1915.0999755859375,1916.9000244140625,1914.800048828125,1916.0999755859375,1916.0999755859375,563
2022-03-22 10:52:00-04:00,1916.0,1916.4000244140625,1914.9000244140625,1915.300048828125,1915.300048828125,418
2022-03-22 10:53:00-04:00,1915.300048828125,1915.800048828125,1914.5999755859375,1914.5999755859375,1914.5999755859375,304
2022-03-22 10:54:00-04:00,1914.800048828125,1915.5,1914.800048828125,1915.4000244140625,1915.4000244140625,293
2022-03-22 10:55:00-04:00,1915.300048828125,1915.5,1914.5999755859375,1915.0999755859375,1915.0999755859375,273
2022-03-22 10:56:00-04:00,1915.199951171875,1915.5999755859375,1913.9000244140625,1914.300048828125,1914.300048828125,1275
2022-03-22 10:57:00-04:00,1914.0999755859375,1915.0,1914.0999755859375,1914.800048828125,1914.800048828125,338
2022-03-22 10:58:00-04:00,1914.9000244140625,1915.4000244140625,1914.699951171875,1915.199951171875,1915.199951171875,90
2022-03-22 10:59:00-04:00,1915.300048828125,1915.4000244140625,1914.9000244140625,1915.0999755859375,1915.0999755859375,77
2022-03-22 11:00:00-04:00,1915.199951171875,1915.5999755859375,1914.199951171875,1915.5,1915.5,519
2022-03-22 11:01:00-04:00,1915.5,1916.4000244140625,1915.0999755859375,1916.0,1916.0,454
2022-03-22 11:02:00-04:00,1916.0,1916.699951171875,1916.0,1916.0,1916.0,353
2022-03-22 11:03:00-04:00,1915.9000244140625,1915.9000244140625,1915.4000244140625,1915.5,1915.5,145
2022-03-22 11:04:00-04:00,1915.4000244140625,1915.5999755859375,1914.800048828125,1914.800048828125,1914.800048828125,257
2022-03-22 11:05:00-04:00,1914.800048828125,1914.9000244140625,1914.0,1914.5,1914.5,409
2022-03-22 11:06:00-04:00,1914.5,1914.800048828125,1914.0,1914.199951171875,1914.199951171875,190
2022-03-22 11:07:00-04:00,1914.300048828125,1915.300048828125,1914.300048828125,1914.9000244140625,1914.9000244140625,144
2022-03-22 11:08:00-04:00,1915.0,1915.4000244140625,1914.699951171875,1915.199951171875,1915.199951171875,75
2022-03-22 11:09:00-04:00,1915.199951171875,1915.5999755859375,1915.0999755859375,1915.199951171875,1915.199951171875,98
2022-03-22 11:10:00-04:00,1915.199951171875,1915.199951171875,1914.0,1914.0,1914.0,88
2022-03-22 11:11:00-04:00,1914.0999755859375,1914.199951171875,1913.300048828125,1913.800048828125,1913.800048828125,303
2022-03-22 11:12:00-04:00,1913.800048828125,1914.9000244140625,1913.300048828125,1914.9000244140625,1914.9000244140625,379
2022-03-22 11:13:00-04:00,1914.9000244140625,1915.0999755859375,1914.5,1914.699951171875,1914.699951171875,104
2022-03-22 11:14:00-04:00,1914.699951171875,1915.0,1914.4000244140625,1914.4000244140625,1914.4000244140625,69
2022-03-22 11:15:00-04:00,1914.699951171875,1914.699951171875,1913.800048828125,1914.199951171875,1914.199951171875,115
2022-03-22 11:16:00-04:00,1914.300048828125,1914.699951171875,1913.800048828125,1913.9000244140625,1913.9000244140625,96
2022-03-22 11:17:00-04:00,1913.9000244140625,1913.9000244140625,1913.300048828125,1913.4000244140625,1913.4000244140625,120
2022-03-22 11:18:00-04:00,1913.300048828125,1913.4000244140625,1912.699951171875,1913.300048828125,1913.300048828125,216
2022-03-22 11:19:00-04:00,1913.199951171875,1913.300048828125,1912.5999755859375,1912.800048828125,1912.800048828125,795
2022-03-22 11:20:00-04:00,1912.699951171875,1913.0,1912.199951171875,1912.699951171875,1912.699951171875,179
2022-03-22 11:21:00-04:00,1912.5999755859375,1912.5999755859375,1911.5,1911.699951171875,1911.699951171875,336
2022-03-22 11:22:00-04:00,1911.5,1911.5,1910.5999755859375,1911.0,1911.0,434
2022-03-22 11:23:00-04:00,1911.0,1912.0999755859375,1910.9000244140625,1911.5999755859375,1911.5999755859375,271
2022-03-22 11:24:00-04:00,1911.800048828125,1911.800048828125,1911.300048828125,1911.699951171875,1911.699951171875,96
2022-03-22 11:25:00-04:00,1911.699951171875,1911.800048828125,1911.199951171875,1911.300048828125,1911.300048828125,91
2022-03-22 11:26:00-04:00,1911.4000244140625,1912.0,1911.199951171875,1911.800048828125,1911.800048828125,105
2022-03-22 11:27:00-04:00,1911.699951171875,1912.800048828125,1911.699951171875,1912.5999755859375,1912.5999755859375,108
2022-03-22 11:28:00-04:00,1912.5,1913.4000244140625,1912.4000244140625,1913.300048828125,1913.300048828125,150
2022-03-22 11:29:00-04:00,1913.199951171875,1913.699951171875,1913.199951171875,1913.4000244140625,1913.4000244140625,141
2022-03-22 11:30:00-04:00,1913.300048828125,1913.300048828125,1912.4000244140625,1912.5,1912.5,130
2022-03-22 11:31:00-04:00,1912.5,1913.199951171875,1912.4000244140625,1912.5999755859375,1912.5999755859375,106
2022-03-22 11:32:00-04:00,1912.4000244140625,1912.5,1911.699951171875,1912.0,1912.0,159
2022-03-22 11:33:00-04:00,1911.9000244140625,1912.4000244140625,1911.9000244140625,1912.0,1912.0,217
2022-03-22 11:34:00-04:00,1912.0,1912.300048828125,1911.699951171875,1912.199951171875,1912.199951171875,123
2022-03-22 11:35:00-04:00,1912.0999755859375,1912.5999755859375,1912.0999755859375,1912.199951171875,1912.199951171875,79
2022-03-22 11:36:00-04:00,1912.4000244140625,1912.9000244140625,1912.4000244140625,1912.9000244140625,1912.9000244140625,84
2022-03-22 11:37:00-04:00,1912.9000244140625,1913.9000244140625,1912.800048828125,1913.300048828125,1913.300048828125,169
2022-03-22 11:38:00-04:00,1913.300048828125,1914.300048828125,1912.9000244140625,1913.5,1913.5,253
2022-03-22 11:39:00-04:00,1913.5,1915.199951171875,1913.5,1914.699951171875,1914.699951171875,357
2022-03-22 11:40:00-04:00,1914.5999755859375,1915.5,1914.5,1915.300048828125,1915.300048828125,338
2022-03-22 11:41:00-04:00,1915.4000244140625,1916.0999755859375,1915.300048828125,1915.699951171875,1915.699951171875,294
2022-03-22 11:42:00-04:00,1915.800048828125,1916.800048828125,1915.5,1916.5,1916.5,292
2022-03-22 11:43:00-04:00,1916.4000244140625,1916.4000244140625,1915.300048828125,1915.5,1915.5,179
2022-03-22 11:44:00-04:00,1915.199951171875,1915.4000244140625,1914.800048828125,1915.0999755859375,1915.0999755859375,63
2022-03-22 11:45:00-04:00,1914.9000244140625,1915.800048828125,1914.4000244140625,1915.800048828125,1915.800048828125,253
2022-03-22 11:46:00-04:00,1915.800048828125,1915.800048828125,1915.0,1915.199951171875,1915.199951171875,50
2022-03-22 11:47:00-04:00,1915.0,1915.0999755859375,1914.300048828125,1915.0,1915.0,189
2022-03-22 11:48:00-04:00,1914.9000244140625,1915.5,1914.800048828125,1915.5,1915.5,94
2022-03-22 11:49:00-04:00,1915.4000244140625,1916.199951171875,1915.0999755859375,1915.699951171875,1915.699951171875,148
2022-03-22 11:50:00-04:00,1916.0,1917.0,1915.9000244140625,1916.699951171875,1916.699951171875,229
2022-03-22 11:51:00-04:00,1916.699951171875,1916.699951171875,1916.0999755859375,1916.5999755859375,1916.5999755859375,126
2022-03-22 11:52:00-04:00,1916.699951171875,1918.300048828125,1916.5,1917.699951171875,1917.699951171875,437
2022-03-22 11:53:00-04:00,1917.5999755859375,1917.800048828125,1916.800048828125,1917.0,1917.0,184
2022-03-22 11:54:00-04:00,1917.0,1917.4000244140625,1916.800048828125,1916.9000244140625,1916.9000244140625,120
2022-03-22 11:55:00-04:00,1916.9000244140625,1917.300048828125,1916.800048828125,1917.0999755859375,1917.0999755859375,132
2022-03-22 11:56:00-04:00,1917.0999755859375,1917.4000244140625,1916.699951171875,1917.300048828125,1917.300048828125,67
2022-03-22 11:57:00-04:00,1917.0999755859375,1917.300048828125,1916.5999755859375,1917.199951171875,1917.199951171875,58
2022-03-22 11:58:00-04:00,1917.199951171875,1918.0,1917.199951171875,1917.300048828125,1917.300048828125,225
2022-03-22 11:59:00-04:00,1917.4000244140625,1918.0,1917.4000244140625,1917.5999755859375,1917.5999755859375,105
2022-03-22 12:00:00-04:00,1917.699951171875,1918.0,1917.4000244140625,1917.5999755859375,1917.5999755859375,103
2022-03-22 12:01:00-04:00,1917.800048828125,1918.300048828125,1917.4000244140625,1918.0999755859375,1918.0999755859375,222
2022-03-22 12:02:00-04:00,1918.0999755859375,1918.800048828125,1918.0,1918.4000244140625,1918.4000244140625,231
2022-03-22 12:03:00-04:00,1918.4000244140625,1918.5999755859375,1917.699951171875,1918.5,1918.5,192
2022-03-22 12:04:00-04:00,1918.5999755859375,1919.0,1918.199951171875,1918.9000244140625,1918.9000244140625,129
2022-03-22 12:05:00-04:00,1919.0,1919.699951171875,1919.0,1919.4000244140625,1919.4000244140625,334
2022-03-22 12:06:00-04:00,1919.5,1919.5,1918.199951171875,1918.199951171875,1918.199951171875,210
2022-03-22 12:07:00-04:00,1918.5,1919.0999755859375,1918.199951171875,1918.9000244140625,1918.9000244140625,157
2022-03-22 12:08:00-04:00,1918.800048828125,1919.0,1918.800048828125,1918.9000244140625,1918.9000244140625,85
2022-03-22 12:09:00-04:00,1918.9000244140625,1919.0999755859375,1918.300048828125,1918.300048828125,1918.300048828125,99
2022-03-22 12:10:00-04:00,1918.5,1918.800048828125,1918.0999755859375,1918.300048828125,1918.300048828125,112
2022-03-22 12:11:00-04:00,1918.4000244140625,1919.199951171875,1918.4000244140625,1918.800048828125,1918.800048828125,94
2022-03-22 12:12:00-04:00,1918.9000244140625,1919.5999755859375,1918.699951171875,1919.4000244140625,1919.4000244140625,164
2022-03-22 12:13:00-04:00,1919.4000244140625,1919.699951171875,1919.199951171875,1919.699951171875,1919.699951171875,112
2022-03-22 12:14:00-04:00,1919.800048828125,1919.9000244140625,1919.5999755859375,1919.800048828125,1919.800048828125,101
2022-03-22 12:15:00-04:00,1919.9000244140625,1919.9000244140625,1919.199951171875,1919.4000244140625,1919.4000244140625,131
2022-03-22 12:16:00-04:00,1919.5,1919.699951171875,1919.0999755859375,1919.300048828125,1919.300048828125,126
2022-03-22 12:17:00-04:00,1919.4000244140625,1919.5,1919.0,1919.4000244140625,1919.4000244140625,87
2022-03-22 12:18:00-04:00,1919.5,1920.0,1919.4000244140625,1919.9000244140625,1919.9000244140625,110
2022-03-22 12:19:00-04:00,1919.9000244140625,1920.0,1919.699951171875,1919.800048828125,1919.800048828125,108
2022-03-22 12:20:00-04:00,1919.800048828125,1919.9000244140625,1919.699951171875,1919.9000244140625,1919.9000244140625,20
2022-03-22 12:21:00-04:00,1921.300048828125,1922.0,1921.300048828125,1921.699951171875,1921.699951171875,856
2022-03-22 12:22:00-04:00,1921.699951171875,1922.0,1921.0,1921.4000244140625,1921.4000244140625,136
2022-03-22 12:23:00-04:00,1921.4000244140625,1922.5,1921.4000244140625,1921.800048828125,1921.800048828125,994
2022-03-22 12:24:00-04:00,1921.800048828125,1921.800048828125,1921.0,1921.0,1921.0,171
2022-03-22 12:25:00-04:00,1921.0999755859375,1921.5,1920.5999755859375,1921.5,1921.5,221
2022-03-22 12:26:00-04:00,1921.4000244140625,1922.199951171875,1921.4000244140625,1921.800048828125,1921.800048828125,150
2022-03-22 12:27:00-04:00,1921.800048828125,1923.0999755859375,1921.800048828125,1922.9000244140625,1922.9000244140625,665
2022-03-22 12:28:00-04:00,1922.9000244140625,1923.0,1922.300048828125,1922.4000244140625,1922.4000244140625,196
2022-03-22 12:29:00-04:00,1922.199951171875,1922.4000244140625,1921.699951171875,1921.9000244140625,1921.9000244140625,81
2022-03-22 12:30:00-04:00,1921.9000244140625,1922.300048828125,1921.800048828125,1922.0,1922.0,94
2022-03-22 12:31:00-04:00,1922.0,1922.199951171875,1921.800048828125,1921.9000244140625,1921.9000244140625,90
2022-03-22 12:32:00-04:00,1921.9000244140625,1921.9000244140625,1921.5,1921.9000244140625,1921.9000244140625,56
2022-03-22 12:33:00-04:00,1921.9000244140625,1922.5,1921.5,1921.5999755859375,1921.5999755859375,272
2022-03-22 12:34:00-04:00,1921.5999755859375,1921.800048828125,1921.0,1921.300048828125,1921.300048828125,120
2022-03-22 12:35:00-04:00,1921.4000244140625,1921.5999755859375,1920.5999755859375,1920.5999755859375,1920.5999755859375,156
2022-03-22 12:36:00-04:00,1920.5999755859375,1920.800048828125,1920.199951171875,1920.800048828125,1920.800048828125,228
2022-03-22 12:37:00-04:00,1920.699951171875,1921.199951171875,1920.5,1921.0,1921.0,119
2022-03-22 12:38:00-04:00,1921.199951171875,1921.199951171875,1920.300048828125,1920.300048828125,1920.300048828125,122
2022-03-22 12:39:00-04:00,1920.300048828125,1920.5999755859375,1920.0999755859375,1920.300048828125,1920.300048828125,89
2022-03-22 12:40:00-04:00,1920.300048828125,1920.4000244140625,1919.9000244140625,1920.0,1920.0,109
2022-03-22 12:41:00-04:00,1920.0,1920.699951171875,1919.800048828125,1920.199951171875,1920.199951171875,206
2022-03-22 12:42:00-04:00,1920.5,1921.5,1920.4000244140625,1921.300048828125,1921.300048828125,158
2022-03-22 12:43:00-04:00,1921.199951171875,1922.300048828125,1921.199951171875,1922.0999755859375,1922.0999755859375,147
2022-03-22 12:44:00-04:00,1921.9000244140625,1921.9000244140625,1920.699951171875,1921.199951171875,1921.199951171875,202
2022-03-22 12:45:00-04:00,1921.0999755859375,1921.4000244140625,1920.4000244140625,1920.4000244140625,1920.4000244140625,91
2022-03-22 12:46:00-04:00,1920.300048828125,1920.5,1920.199951171875,1920.199951171875,1920.199951171875,55
2022-03-22 12:47:00-04:00,1920.300048828125,1920.300048828125,1919.4000244140625,1919.5,1919.5,169
2022-03-22 12:48:00-04:00,1919.5999755859375,1920.0,1919.300048828125,1919.5999755859375,1919.5999755859375,224
2022-03-22 12:49:00-04:00,1919.699951171875,1920.0,1919.5999755859375,1919.5999755859375,1919.5999755859375,151
2022-03-22 12:50:00-04:00,1919.699951171875,1919.699951171875,1919.4000244140625,1919.4000244140625,1919.4000244140625,42
2022-03-22 12:51:00-04:00,1919.4000244140625,1919.800048828125,1919.4000244140625,1919.5,1919.5,45
2022-03-22 12:52:00-04:00,1919.699951171875,1920.4000244140625,1919.199951171875,1920.199951171875,1920.199951171875,98
2022-03-22 12:53:00-04:00,1920.5,1920.5,1920.300048828125,1920.300048828125,1920.300048828125,84
2022-03-22 12:54:00-04:00,1920.300048828125,1920.9000244140625,1920.300048828125,1920.5,1920.5,84
2022-03-22 12:55:00-04:00,1920.5,1920.5,1920.0,1920.0999755859375,1920.0999755859375,38
2022-03-22 12:56:00-04:00,1920.199951171875,1920.199951171875,1919.800048828125,1920.0,1920.0,63
2022-03-22 12:57:00-04:00,1919.9000244140625,1920.0,1919.5999755859375,1919.5999755859375,1919.5999755859375,81
2022-03-22 12:58:00-04:00,1919.699951171875,1919.800048828125,1919.4000244140625,1919.5999755859375,1919.5999755859375,52
2022-03-22 12:59:00-04:00,1919.5999755859375,1919.9000244140625,1919.5,1919.800048828125,1919.800048828125,68
2022-03-22 13:00:00-04:00,1919.800048828125,1920.300048828125,1919.800048828125,1920.0,1920.0,87
2022-03-22 13:01:00-04:00,1920.0,1920.0999755859375,1919.5,1919.5999755859375,1919.5999755859375,69
2022-03-22 13:02:00-04:00,1919.5,1919.699951171875,1919.300048828125,1919.5999755859375,1919.5999755859375,65
2022-03-22 13:03:00-04:00,1919.699951171875,1920.300048828125,1919.699951171875,1920.0,1920.0,121
2022-03-22 13:04:00-04:00,1920.0999755859375,1920.5,1919.9000244140625,1920.300048828125,1920.300048828125,48
2022-03-22 13:05:00-04:00,1920.300048828125,1921.0,1920.199951171875,1920.4000244140625,1920.4000244140625,110
2022-03-22 13:06:00-04:00,1920.4000244140625,1920.5,1919.5999755859375,1919.800048828125,1919.800048828125,46
2022-03-22 13:07:00-04:00,1919.699951171875,1920.199951171875,1919.699951171875,1920.0,1920.0,74
2022-03-22 13:08:00-04:00,1920.0,1920.0,1919.199951171875,1919.4000244140625,1919.4000244140625,103
2022-03-22 13:09:00-04:00,1919.300048828125,1919.5,1918.4000244140625,1918.4000244140625,1918.4000244140625,260
2022-03-22 13:10:00-04:00,1918.4000244140625,1918.9000244140625,1918.0,1918.5,1918.5,216
2022-03-22 13:11:00-04:00,1918.4000244140625,1919.300048828125,1918.300048828125,1919.199951171875,1919.199951171875,236
2022-03-22 13:12:00-04:00,1919.0999755859375,1919.699951171875,1919.0999755859375,1919.300048828125,1919.300048828125,51
2022-03-22 13:13:00-04:00,1919.300048828125,1919.800048828125,1919.199951171875,1919.800048828125,1919.800048828125,68
2022-03-22 13:14:00-04:00,1919.800048828125,1919.9000244140625,1918.9000244140625,1919.0999755859375,1919.0999755859375,103
2022-03-22 13:15:00-04:00,1919.199951171875,1919.5999755859375,1919.199951171875,1919.5,1919.5,20
2022-03-22 13:16:00-04:00,1920.0,1920.199951171875,1919.699951171875,1920.199951171875,1920.199951171875,118
2022-03-22 13:17:00-04:00,1920.0999755859375,1920.9000244140625,1920.0999755859375,1920.199951171875,1920.199951171875,93
2022-03-22 13:18:00-04:00,1920.300048828125,1920.9000244140625,1920.300048828125,1920.5999755859375,1920.5999755859375,102
2022-03-22 13:19:00-04:00,1920.5999755859375,1920.5999755859375,1920.0999755859375,1920.199951171875,1920.199951171875,51
2022-03-22 13:20:00-04:00,1920.300048828125,1920.4000244140625,1919.800048828125,1920.0999755859375,1920.0999755859375,107
2022-03-22 13:21:00-04:00,1920.0999755859375,1920.4000244140625,1919.699951171875,1919.699951171875,1919.699951171875,67
2022-03-22 13:22:00-04:00,1919.699951171875,1920.199951171875,1919.5,1920.199951171875,1920.199951171875,96
2022-03-22 13:23:00-04:00,1920.199951171875,1920.4000244140625,1920.199951171875,1920.199951171875,1920.199951171875,46
2022-03-22 13:24:00-04:00,1920.300048828125,1921.5,1920.300048828125,1921.0,1921.0,665
2022-03-22 13:25:00-04:00,1921.0,1921.800048828125,1920.9000244140625,1921.4000244140625,1921.4000244140625,192
2022-03-22 13:26:00-04:00,1921.5,1922.0,1921.4000244140625,1921.9000244140625,1921.9000244140625,164
2022-03-22 13:27:00-04:00,1921.9000244140625,1922.199951171875,1921.800048828125,1921.9000244140625,1921.9000244140625,982
2022-03-22 13:28:00-04:00,1921.9000244140625,1922.5999755859375,1921.5999755859375,1921.5999755859375,1921.5999755859375,186
2022-03-22 13:29:00-04:00,1921.5999755859375,1921.800048828125,1921.0,1921.0999755859375,1921.0999755859375,412
2022-03-22 13:30:00-04:00,1921.0999755859375,1921.300048828125,1920.5,1920.9000244140625,1920.9000244140625,242
2022-03-22 13:31:00-04:00,1921.0,1922.800048828125,1921.0,1922.0999755859375,1922.0999755859375,242
2022-03-22 13:32:00-04:00,1922.199951171875,1922.800048828125,1922.0999755859375,1922.0999755859375,1922.0999755859375,354
2022-03-22 13:33:00-04:00,1922.0999755859375,1922.800048828125,1922.0999755859375,1922.5999755859375,1922.5999755859375,82
2022-03-22 13:34:00-04:00,1922.5,1923.0,1922.5,1922.9000244140625,1922.9000244140625,67
2022-03-22 13:35:00-04:00,1922.800048828125,1923.199951171875,1922.5999755859375,1922.699951171875,1922.699951171875,95
2022-03-22 13:36:00-04:00,1922.5,1922.699951171875,1922.0999755859375,1922.0999755859375,1922.0999755859375,94
2022-03-22 13:37:00-04:00,1922.0999755859375,1922.199951171875,1921.9000244140625,1922.0,1922.0,36
2022-03-22 13:38:00-04:00,1922.0999755859375,1922.4000244140625,1922.0,1922.300048828125,1922.300048828125,50
2022-03-22 13:39:00-04:00,1922.199951171875,1922.199951171875,1921.9000244140625,1922.0,1922.0,34
2022-03-22 13:40:00-04:00,1922.0,1922.0999755859375,1921.699951171875,1921.9000244140625,1921.9000244140625,48
2022-03-22 13:41:00-04:00,1921.9000244140625,1922.199951171875,1921.699951171875,1921.699951171875,1921.699951171875,37
2022-03-22 13:42:00-04:00,1921.699951171875,1921.800048828125,1921.5,1921.5999755859375,1921.5999755859375,43
2022-03-22 13:43:00-04:00,1921.5999755859375,1921.800048828125,1921.300048828125,1921.5999755859375,1921.5999755859375,93
2022-03-22 13:44:00-04:00,1921.5999755859375,1921.800048828125,1921.0,1921.0999755859375,1921.0999755859375,60
2022-03-22 13:45:00-04:00,1921.0,1921.4000244140625,1920.9000244140625,1921.4000244140625,1921.4000244140625,30
2022-03-22 13:46:00-04:00,1921.300048828125,1921.800048828125,1921.300048828125,1921.699951171875,1921.699951171875,30
2022-03-22 13:47:00-04:00,1921.800048828125,1922.699951171875,1921.800048828125,1922.5,1922.5,112
2022-03-22 13:48:00-04:00,1922.699951171875,1923.0,1922.699951171875,1923.0,1923.0,71
2022-03-22 13:49:00-04:00,1922.9000244140625,1923.0,1922.800048828125,1922.9000244140625,1922.9000244140625,29
2022-03-22 13:50:00-04:00,1923.0,1923.0999755859375,1922.0,1922.0,1922.0,115
2022-03-22 13:51:00-04:00,1922.0999755859375,1922.199951171875,1921.9000244140625,1921.9000244140625,1921.9000244140625,21
2022-03-22 13:52:00-04:00,1922.300048828125,1922.699951171875,1922.300048828125,1922.5,1922.5,26
2022-03-22 13:53:00-04:00,1922.699951171875,1922.699951171875,1922.0999755859375,1922.0999755859375,1922.0999755859375,21
2022-03-22 13:54:00-04:00,1922.199951171875,1922.5,1922.199951171875,1922.300048828125,1922.300048828125,41
2022-03-22 13:55:00-04:00,1922.0999755859375,1922.300048828125,1921.5999755859375,1921.5999755859375,1921.5999755859375,70
2022-03-22 13:56:00-04:00,1921.5999755859375,1922.0999755859375,1921.5,1921.699951171875,1921.699951171875,25
2022-03-22 13:57:00-04:00,1921.699951171875,1921.9000244140625,1921.699951171875,1921.699951171875,1921.699951171875,19
2022-03-22 13:58:00-04:00,1921.699951171875,1921.699951171875,1920.9000244140625,1920.9000244140625,1920.9000244140625,45
2022-03-22 13:59:00-04:00,1920.9000244140625,1920.9000244140625,1920.0,1920.300048828125,1920.300048828125,139
2022-03-22 14:00:00-04:00,1920.300048828125,1920.699951171875,1920.0999755859375,1920.0999755859375,1920.0999755859375,59
2022-03-22 14:01:00-04:00,1920.0999755859375,1921.0999755859375,1919.800048828125,1921.0,1921.0,137
2022-03-22 14:02:00-04:00,1920.9000244140625,1922.0,1920.9000244140625,1921.300048828125,1921.300048828125,185
2022-03-22 14:03:00-04:00,1921.300048828125,1921.800048828125,1921.199951171875,1921.800048828125,1921.800048828125,14
2022-03-22 14:04:00-04:00,1921.9000244140625,1922.0999755859375,1921.9000244140625,1921.9000244140625,1921.9000244140625,29
2022-03-22 14:05:00-04:00,1921.9000244140625,1921.9000244140625,1921.5999755859375,1921.5999755859375,1921.5999755859375,14
2022-03-22 14:06:00-04:00,1921.5999755859375,1922.0,1921.5999755859375,1922.0,1922.0,21
2022-03-22 14:07:00-04:00,1922.199951171875,1922.699951171875,1922.0,1922.699951171875,1922.699951171875,81
2022-03-22 14:08:00-04:00,1922.699951171875,1922.9000244140625,1922.199951171875,1922.199951171875,1922.199951171875,51
2022-03-22 14:09:00-04:00,1922.0,1922.199951171875,1921.9000244140625,1922.0,1922.0,32
2022-03-22 14:10:00-04:00,1922.0999755859375,1922.199951171875,1922.0999755859375,1922.0999755859375,1922.0999755859375,11
2022-03-22 14:11:00-04:00,1922.0999755859375,1922.0999755859375,1921.800048828125,1921.800048828125,1921.800048828125,10
2022-03-22 14:12:00-04:00,1921.9000244140625,1922.0,1921.5999755859375,1921.9000244140625,1921.9000244140625,58
2022-03-22 14:13:00-04:00,1921.5999755859375,1921.5999755859375,1921.199951171875,1921.4000244140625,1921.4000244140625,33
2022-03-22 14:14:00-04:00,1921.199951171875,1921.5999755859375,1921.199951171875,1921.5,1921.5,21
2022-03-22 14:15:00-04:00,1921.4000244140625,1922.0,1921.4000244140625,1921.5999755859375,1921.5999755859375,38
2022-03-22 14:16:00-04:00,1921.5999755859375,1921.9000244140625,1921.5,1921.5999755859375,1921.5999755859375,25
2022-03-22 14:17:00-04:00,1921.5,1921.800048828125,1921.5,1921.800048828125,1921.800048828125,19
2022-03-22 14:18:00-04:00,1921.9000244140625,1922.0,1921.4000244140625,1921.4000244140625,1921.4000244140625,0
2022-03-22 14:18:41-04:00,1921.699951171875,1921.699951171875,1921.699951171875,1921.699951171875,1921.699951171875,0
